sat_id,epoch_utc,propagation_age_hours,residual_km
45184,2024-11-26T06:00:42Z,6.011,0.312
45184,2024-11-26T06:10:42Z,6.178,0.3498
45184,2024-11-26T06:20:42Z,6.345,0.4299
45184,2024-11-26T06:30:42Z,6.511,0.5042
45184,2024-11-26T06:40:42Z,6.678,0.5425
45184,2024-11-26T06:50:42Z,6.845,0.4913
45184,2024-11-26T07:00:42Z,7.011,0.3627
45184,2024-11-26T07:10:42Z,7.178,0.4899
45184,2024-11-26T07:20:42Z,7.345,0.9259
45184,2024-11-26T07:30:42Z,7.511,1.3118
45184,2024-11-26T07:40:42Z,7.678,1.5136
45184,2024-11-26T07:50:42Z,7.845,1.4396
45184,2024-11-26T08:00:42Z,8.011,1.1258
45184,2024-11-26T08:10:42Z,8.178,0.7124
45184,2024-11-26T08:20:42Z,8.345,0.3774
45184,2024-11-26T08:30:42Z,8.511,0.2921
45184,2024-11-26T08:40:42Z,8.678,0.382
45184,2024-11-26T08:50:42Z,8.845,0.4788
45184,2024-11-26T09:00:42Z,9.011,0.5385
45184,2024-11-26T09:10:42Z,9.178,0.4637
45184,2024-11-26T09:20:42Z,9.345,0.4173
45184,2024-11-26T09:30:42Z,9.511,0.7807
45184,2024-11-26T09:40:42Z,9.678,1.211
45184,2024-11-26T09:50:42Z,9.845,1.4384
45184,2024-11-26T10:00:42Z,10.011,1.3411
45184,2024-11-26T10:10:42Z,10.178,0.9587
45184,2024-11-26T10:20:42Z,10.345,0.5852
45184,2024-11-26T10:30:42Z,10.511,0.5609
45184,2024-11-26T10:40:42Z,10.678,0.7109
45184,2024-11-26T10:50:42Z,10.845,0.7211
45184,2024-11-26T11:00:42Z,11.011,0.5982
45184,2024-11-26T11:10:42Z,11.178,0.5313
45184,2024-11-26T11:20:42Z,11.345,0.6058
45184,2024-11-26T11:30:42Z,11.511,0.7741
45184,2024-11-26T11:40:42Z,11.678,0.802
45184,2024-11-26T11:50:42Z,11.845,0.6716
45184,2024-11-26T22:00:42Z,0.011,0.7875
45184,2024-11-26T22:10:42Z,0.178,0.555
45184,2024-11-26T22:20:42Z,0.345,0.7948
45184,2024-11-26T22:30:42Z,0.511,0.919
45184,2024-11-26T22:40:42Z,0.678,0.8599
45184,2024-11-26T22:50:42Z,0.845,0.6962
45184,2024-11-26T23:00:42Z,1.011,0.4721
45184,2024-11-26T23:10:42Z,1.178,0.4119
45184,2024-11-26T23:20:42Z,1.345,0.6803
45184,2024-11-26T23:30:42Z,1.511,0.9898
45184,2024-11-26T23:40:42Z,1.678,1.1373
45184,2024-11-26T23:50:42Z,1.845,1.0583
45184,2024-11-27T00:00:42Z,2.011,0.8128
45184,2024-11-27T00:10:42Z,2.178,0.5407
45184,2024-11-27T00:20:42Z,2.345,0.5536
45184,2024-11-27T00:30:42Z,2.511,0.7959
45184,2024-11-27T00:40:42Z,2.678,0.94
45184,2024-11-27T00:50:42Z,2.845,0.9269
45184,2024-11-27T01:00:42Z,3.011,0.8044
45184,2024-11-27T01:10:42Z,3.178,0.7008
45184,2024-11-27T01:20:42Z,3.345,0.8061
45184,2024-11-27T01:30:42Z,3.511,1.2823
45184,2024-11-27T01:40:42Z,3.678,2.0209
45184,2024-11-27T01:50:42Z,3.845,2.9
45184,2024-11-27T02:00:42Z,4.011,3.7715
45184,2024-11-27T02:10:42Z,4.178,4.487
45184,2024-11-27T02:20:42Z,4.345,4.9815
45184,2024-11-27T02:30:42Z,4.511,5.3045
45184,2024-11-27T02:40:42Z,4.678,5.5637
45184,2024-11-27T02:50:42Z,4.845,5.9589
45184,2024-11-27T03:00:42Z,5.011,6.6446
45184,2024-11-27T03:10:42Z,5.178,7.6174
45184,2024-11-27T03:20:42Z,5.345,8.8029
45184,2024-11-27T03:30:42Z,5.511,10.0541
45184,2024-11-27T03:40:42Z,5.678,11.2009
45184,2024-11-27T03:50:42Z,5.845,12.1352
45184,2024-11-27T04:00:42Z,6.011,12.8749
45184,2024-11-27T04:10:42Z,6.178,13.5366
45184,2024-11-27T04:20:42Z,6.345,14.286
45184,2024-11-27T04:30:42Z,6.511,14.3212
45184,2024-11-27T04:40:42Z,6.678,15.5292
45184,2024-11-27T04:50:42Z,6.845,16.9053
45184,2024-11-27T05:00:42Z,7.011,18.3566
45184,2024-11-27T05:10:42Z,7.178,19.7203
45184,2024-11-27T05:20:42Z,7.345,20.9387
45184,2024-11-27T05:30:42Z,7.511,22.0281
45184,2024-11-27T05:40:42Z,7.678,23.094
45184,2024-11-27T05:50:42Z,7.845,24.2582
45184,2024-11-27T06:00:42Z,8.011,25.6343
45184,2024-11-27T06:10:42Z,8.178,27.2375
45184,2024-11-27T06:20:42Z,8.345,28.9748
45184,2024-11-27T06:30:42Z,8.511,30.7674
45184,2024-11-27T06:40:42Z,8.678,32.4825
45184,2024-11-27T06:50:42Z,8.845,34.0324
45184,2024-11-27T07:00:42Z,9.011,35.4728
45184,2024-11-27T07:10:42Z,9.178,36.9122
45184,2024-11-27T07:20:42Z,9.345,38.4801
45184,2024-11-27T07:30:42Z,9.511,40.2869
45184,2024-11-27T07:40:42Z,9.678,42.379
45184,2024-11-27T07:50:42Z,9.845,44.6578
45184,2024-11-27T08:00:42Z,10.011,46.9691
45184,2024-11-27T08:10:42Z,10.178,49.158
45184,2024-11-27T08:20:42Z,10.345,51.0325
45184,2024-11-27T08:30:42Z,10.511,52.6592
45184,2024-11-27T08:40:42Z,10.678,54.2361
45184,2024-11-27T08:50:42Z,10.845,55.9891
45184,2024-11-27T09:00:42Z,11.011,58.0551
45184,2024-11-27T09:10:42Z,11.178,60.4806
45184,2024-11-27T09:20:42Z,11.345,63.1768
45184,2024-11-27T09:30:42Z,11.511,65.9566
45184,2024-11-27T09:40:42Z,11.678,68.6252
45184,2024-11-27T09:50:42Z,11.845,70.9696
45184,2024-11-28T00:00:42Z,0.011,4.7408
45184,2024-11-28T00:10:42Z,0.178,4.9049
45184,2024-11-28T00:20:42Z,0.345,5.029
45184,2024-11-28T00:30:42Z,0.511,5.123
45184,2024-11-28T00:40:42Z,0.678,5.1972
45184,2024-11-28T00:50:42Z,0.845,5.2197
45184,2024-11-28T01:00:42Z,1.011,5.2096
45184,2024-11-28T01:10:42Z,1.178,5.1973
45184,2024-11-28T01:20:42Z,1.345,5.2216
45184,2024-11-28T01:30:42Z,1.511,5.3272
45184,2024-11-28T01:40:42Z,1.678,5.552
45184,2024-11-28T01:50:42Z,1.845,5.8391
45184,2024-11-28T02:00:42Z,2.011,6.128
45184,2024-11-28T02:10:42Z,2.178,6.3843
45184,2024-11-28T02:20:42Z,2.345,6.5645
45184,2024-11-28T02:30:42Z,2.511,6.6668
45184,2024-11-28T02:40:42Z,2.678,6.7171
45184,2024-11-28T02:50:42Z,2.845,6.7508
45184,2024-11-28T03:00:42Z,3.011,6.8349
45184,2024-11-28T03:10:42Z,3.178,7.0291
45184,2024-11-28T03:20:42Z,3.345,7.344
45184,2024-11-28T03:30:42Z,3.511,7.7113
45184,2024-11-28T03:40:42Z,3.678,8.0638
45184,2024-11-28T03:50:42Z,3.845,8.3578
45184,2024-11-28T04:00:42Z,4.011,8.5579
45184,2024-11-28T04:10:42Z,4.178,8.7067
45184,2024-11-28T04:20:42Z,4.345,8.8088
45184,2024-11-28T04:30:42Z,4.511,8.9163
45184,2024-11-28T04:40:42Z,4.678,9.0848
45184,2024-11-28T04:50:42Z,4.845,9.333
45184,2024-11-28T05:00:42Z,5.011,9.6394
45184,2024-11-28T05:10:42Z,5.178,9.9718
45184,2024-11-28T05:20:42Z,5.345,10.31
45184,2024-11-28T05:30:42Z,5.511,10.6192
45184,2024-11-28T05:40:42Z,5.678,10.8818
45184,2024-11-28T05:50:42Z,5.845,11.0983
45184,2024-11-28T06:00:42Z,6.011,11.2424
45184,2024-11-28T06:10:42Z,6.178,11.3701
45184,2024-11-28T06:20:42Z,6.345,11.5129
45184,2024-11-28T06:30:42Z,6.511,11.6874
45184,2024-11-28T06:40:42Z,6.678,11.8815
45184,2024-11-28T06:50:42Z,6.845,12.0918
45184,2024-11-28T07:00:42Z,7.011,12.3334
45184,2024-11-28T07:10:42Z,7.178,12.5958
45184,2024-11-28T07:20:42Z,7.345,12.9188
45184,2024-11-28T07:30:42Z,7.511,13.245
45184,2024-11-28T07:40:42Z,7.678,13.5401
45184,2024-11-28T07:50:42Z,7.845,13.791
45184,2024-11-28T08:00:42Z,8.011,13.986
45184,2024-11-28T08:10:42Z,8.178,14.1089
45184,2024-11-28T08:20:42Z,8.345,14.173
45184,2024-11-28T08:30:42Z,8.511,14.2667
45184,2024-11-28T08:40:42Z,8.678,14.4677
45184,2024-11-28T08:50:42Z,8.845,14.8117
45184,2024-11-28T09:00:42Z,9.011,15.3238
45184,2024-11-28T09:10:42Z,9.178,15.9045
45184,2024-11-28T09:20:42Z,9.345,16.4387
45184,2024-11-28T09:30:42Z,9.511,16.8104
45184,2024-11-28T09:40:42Z,9.678,17.0033
45184,2024-11-28T09:50:42Z,9.845,17.0811
45184,2024-11-28T10:00:42Z,10.011,17.1641
45184,2024-11-28T10:10:42Z,10.178,17.3524
45184,2024-11-28T10:20:42Z,10.345,17.6691
45184,2024-11-28T10:30:42Z,10.511,18.1077
45184,2024-11-28T10:40:42Z,10.678,18.5911
45184,2024-11-28T10:50:42Z,10.845,19.0134
45184,2024-11-28T11:00:42Z,11.011,19.2953
45184,2024-11-28T11:10:42Z,11.178,19.4112
45184,2024-11-28T11:20:42Z,11.345,19.4027
45184,2024-11-28T11:30:42Z,11.511,19.3802
45184,2024-11-28T11:40:42Z,11.678,19.4817
45184,2024-11-28T11:50:42Z,11.845,19.7693
45184,2024-11-28T22:00:42Z,0.011,6.5976
45184,2024-11-28T22:10:42Z,0.178,6.6895
45184,2024-11-28T22:20:42Z,0.345,6.8355
45184,2024-11-28T22:30:42Z,0.511,6.9735
45184,2024-11-28T22:40:42Z,0.678,7.0731
45184,2024-11-28T22:50:42Z,0.845,7.1368
45184,2024-11-28T23:00:42Z,1.011,7.1989
45184,2024-11-28T23:10:42Z,1.178,7.3097
45184,2024-11-28T23:20:42Z,1.345,7.4623
45184,2024-11-28T23:30:42Z,1.511,7.6361
45184,2024-11-28T23:40:42Z,1.678,7.7868
45184,2024-11-28T23:50:42Z,1.845,7.8299
45184,2024-11-29T00:00:42Z,2.011,7.759
45184,2024-11-29T00:10:42Z,2.178,7.6281
45184,2024-11-29T00:20:42Z,2.345,7.5288
45184,2024-11-29T00:30:42Z,2.511,7.5608
45184,2024-11-29T00:40:42Z,2.678,7.8037
45184,2024-11-29T00:50:42Z,2.845,8.2003
45184,2024-11-29T01:00:42Z,3.011,8.6309
45184,2024-11-29T01:10:42Z,3.178,8.9894
45184,2024-11-29T01:20:42Z,3.345,9.1968
45184,2024-11-29T01:30:42Z,3.511,9.2227
45184,2024-11-29T01:40:42Z,3.678,9.1197
45184,2024-11-29T01:50:42Z,3.845,8.9786
45184,2024-11-29T02:00:42Z,4.011,8.9243
45184,2024-11-29T02:10:42Z,4.178,9.0667
45184,2024-11-29T02:20:42Z,4.345,9.4393
45184,2024-11-29T02:30:42Z,4.511,9.9334
45184,2024-11-29T02:40:42Z,4.678,10.403
45184,2024-11-29T02:50:42Z,4.845,10.7337
45184,2024-11-29T03:00:42Z,5.011,10.8541
45184,2024-11-29T03:10:42Z,5.178,10.8192
45184,2024-11-29T03:20:42Z,5.345,10.7115
45184,2024-11-29T03:30:42Z,5.511,10.6575
45184,2024-11-29T03:40:42Z,5.678,10.778
45184,2024-11-29T03:50:42Z,5.845,11.1063
45184,2024-11-29T04:00:42Z,6.011,11.575
45184,2024-11-29T04:10:42Z,6.178,12.0598
45184,2024-11-29T04:20:42Z,6.345,12.4622
45184,2024-11-29T04:30:42Z,6.511,12.7197
45184,2024-11-29T04:40:42Z,6.678,12.817
45184,2024-11-29T04:50:42Z,6.845,12.8244
45184,2024-11-29T05:00:42Z,7.011,12.7867
45184,2024-11-29T05:10:42Z,7.178,12.8198
45184,2024-11-29T05:20:42Z,7.345,12.9868
45184,2024-11-29T05:30:42Z,7.511,13.2797
45184,2024-11-29T05:40:42Z,7.678,13.6227
45184,2024-11-29T05:50:42Z,7.845,13.9362
45184,2024-11-29T06:00:42Z,8.011,14.1796
45184,2024-11-29T06:10:42Z,8.178,14.3227
45184,2024-11-29T06:20:42Z,8.345,14.4185
45184,2024-11-29T06:30:42Z,8.511,14.4956
45184,2024-11-29T06:40:42Z,8.678,14.593
45184,2024-11-29T06:50:42Z,8.845,14.7672
45184,2024-11-29T07:00:42Z,9.011,15.0074
45184,2024-11-29T07:10:42Z,9.178,15.2402
45184,2024-11-29T07:20:42Z,9.345,15.3815
45184,2024-11-29T07:30:42Z,9.511,15.4376
45184,2024-11-29T07:40:42Z,9.678,15.4701
45184,2024-11-29T07:50:42Z,9.845,15.5435
45184,2024-11-29T08:00:42Z,10.011,15.7642
45184,2024-11-29T08:10:42Z,10.178,16.107
45184,2024-11-29T08:20:42Z,10.345,16.5297
45184,2024-11-29T08:30:42Z,10.511,16.9297
45184,2024-11-29T08:40:42Z,10.678,17.2283
45184,2024-11-29T08:50:42Z,10.845,17.384
45184,2024-11-29T09:00:42Z,11.011,17.4256
45184,2024-11-29T09:10:42Z,11.178,17.4366
45184,2024-11-29T09:20:42Z,11.345,17.4881
45184,2024-11-29T09:30:42Z,11.511,17.6633
45184,2024-11-29T09:40:42Z,11.678,17.9963
45184,2024-11-29T09:50:42Z,11.845,18.4285
45184,2024-11-30T00:00:42Z,0.011,29.1068
45184,2024-11-30T00:10:42Z,0.178,29.6681
45184,2024-11-30T00:20:42Z,0.345,30.052
45184,2024-11-30T00:30:42Z,0.511,30.1617
45184,2024-11-30T00:40:42Z,0.678,30.0243
45184,2024-11-30T00:50:42Z,0.845,29.7527
45184,2024-11-30T01:00:42Z,1.011,29.5362
45184,2024-11-30T01:10:42Z,1.178,29.5768
45184,2024-11-30T01:20:42Z,1.345,29.9851
45184,2024-11-30T01:30:42Z,1.511,30.6533
45184,2024-11-30T01:40:42Z,1.678,31.378
45184,2024-11-30T01:50:42Z,1.845,31.9653
45184,2024-11-30T02:00:42Z,2.011,32.2667
45184,2024-11-30T02:10:42Z,2.178,32.2752
45184,2024-11-30T02:20:42Z,2.345,32.0802
45184,2024-11-30T02:30:42Z,2.511,31.8646
45184,2024-11-30T02:40:42Z,2.678,31.8581
45184,2024-11-30T02:50:42Z,2.845,32.2017
45184,2024-11-30T03:00:42Z,3.011,32.8585
45184,2024-11-30T03:10:42Z,3.178,33.6358
45184,2024-11-30T03:20:42Z,3.345,34.3295
45184,2024-11-30T03:30:42Z,3.511,34.7967
45184,2024-11-30T03:40:42Z,3.678,34.9689
45184,2024-11-30T03:50:42Z,3.845,34.9206
45184,2024-11-30T04:00:42Z,4.011,34.7556
45184,2024-11-30T04:10:42Z,4.178,34.6861
45184,2024-11-30T04:20:42Z,4.345,34.884
45184,2024-11-30T04:30:42Z,4.511,35.3773
45184,2024-11-30T04:40:42Z,4.678,36.0437
45184,2024-11-30T04:50:42Z,4.845,36.7094
45184,2024-11-30T05:00:42Z,5.011,37.2402
45184,2024-11-30T05:10:42Z,5.178,37.5418
45184,2024-11-30T05:20:42Z,5.345,37.6262
45184,2024-11-30T05:30:42Z,5.511,37.5711
45184,2024-11-30T05:40:42Z,5.678,37.5113
45184,2024-11-30T05:50:42Z,5.845,37.6351
45184,2024-11-30T06:00:42Z,6.011,38.0052
45184,2024-11-30T06:10:42Z,6.178,38.5427
45184,2024-11-30T06:20:42Z,6.345,39.0789
45184,2024-11-30T06:30:42Z,6.511,39.4892
45184,2024-11-30T06:40:42Z,6.678,39.7353
45184,2024-11-30T06:50:42Z,6.845,39.828
45184,2024-11-30T07:00:42Z,7.011,39.8983
45184,2024-11-30T07:10:42Z,7.178,40.0235
45184,2024-11-30T07:20:42Z,7.345,40.3145
45184,2024-11-30T07:30:42Z,7.511,40.7873
45184,2024-11-30T07:40:42Z,7.678,41.3602
45184,2024-11-30T07:50:42Z,7.845,41.886
45184,2024-11-30T08:00:42Z,8.011,42.2529
45184,2024-11-30T08:10:42Z,8.178,42.4625
45184,2024-11-30T08:20:42Z,8.345,42.5608
45184,2024-11-30T08:30:42Z,8.511,42.653
45184,2024-11-30T08:40:42Z,8.678,42.8859
45184,2024-11-30T08:50:42Z,8.845,43.3244
45184,2024-11-30T09:00:42Z,9.011,43.9445
45184,2024-11-30T09:10:42Z,9.178,44.6075
45184,2024-11-30T09:20:42Z,9.345,45.1783
45184,2024-11-30T09:30:42Z,9.511,45.5736
45184,2024-11-30T09:40:42Z,9.678,45.806
45184,2024-11-30T09:50:42Z,9.845,45.9244
45184,2024-11-30T10:00:42Z,10.011,45.9845
45184,2024-11-30T10:10:42Z,10.178,46.0939
45184,2024-11-30T10:20:42Z,10.345,46.3295
45184,2024-11-30T10:30:42Z,10.511,46.7174
45184,2024-11-30T10:40:42Z,10.678,47.1988
45184,2024-11-30T10:50:42Z,10.845,47.6616
45184,2024-11-30T11:00:42Z,11.011,48.0086
45184,2024-11-30T11:10:42Z,11.178,48.2334
45184,2024-11-30T11:20:42Z,11.345,48.3903
45184,2024-11-30T11:30:42Z,11.511,48.5146
45184,2024-11-30T11:40:42Z,11.678,48.6432
45184,2024-11-30T11:50:42Z,11.845,48.861
51801,2024-11-26T06:00:42Z,3.518,0.9581
51801,2024-11-26T06:10:42Z,3.685,0.3095
51801,2024-11-26T06:20:42Z,3.851,0.9916
51801,2024-11-26T06:30:42Z,4.018,1.6169
51801,2024-11-26T06:40:42Z,4.185,1.7549
51801,2024-11-26T06:50:42Z,4.351,1.4525
51801,2024-11-26T07:00:42Z,4.518,1.1241
51801,2024-11-26T07:10:42Z,4.685,1.2877
51801,2024-11-26T07:20:42Z,0.082,2.1727
51801,2024-11-26T07:30:42Z,0.249,2.3242
51801,2024-11-26T07:40:42Z,0.415,1.9383
51801,2024-11-26T07:50:42Z,0.582,1.4511
51801,2024-11-26T08:00:42Z,0.749,1.4473
51801,2024-11-26T08:10:42Z,0.915,1.5946
51801,2024-11-26T08:20:42Z,1.082,1.422
51801,2024-11-26T08:30:42Z,1.249,1.3152
51801,2024-11-26T08:40:42Z,1.415,1.9588
51801,2024-11-26T08:50:42Z,1.582,2.7977
51801,2024-11-26T09:00:42Z,1.749,3.265
51801,2024-11-26T09:10:42Z,1.915,3.158
51801,2024-11-26T09:20:42Z,2.082,2.6082
51801,2024-11-26T09:30:42Z,2.249,2.1007
51801,2024-11-26T09:40:42Z,2.415,2.0108
51801,2024-11-26T09:50:42Z,2.582,2.0038
51801,2024-11-26T10:00:42Z,2.749,1.828
51801,2024-11-26T10:10:42Z,2.915,1.9661
51801,2024-11-26T10:20:42Z,3.082,2.7389
51801,2024-11-26T10:30:42Z,3.249,3.4964
51801,2024-11-26T10:40:42Z,3.415,3.7147
51801,2024-11-26T10:50:42Z,3.582,3.3377
51801,2024-11-26T11:00:42Z,3.749,2.6627
51801,2024-11-26T11:10:42Z,3.915,2.222
51801,2024-11-26T11:20:42Z,4.082,2.1626
51801,2024-11-26T11:30:42Z,4.249,2.0635
51801,2024-11-26T11:40:42Z,4.415,1.9045
51801,2024-11-26T11:50:42Z,4.582,2.148
51801,2024-11-26T12:00:42Z,4.749,2.6937
51801,2024-11-26T12:10:42Z,4.915,2.9094
51801,2024-11-26T12:20:42Z,5.082,2.5034
51801,2024-11-26T12:30:42Z,5.249,1.6835
51801,2024-11-26T12:40:42Z,5.415,1.1164
51801,2024-11-26T12:50:42Z,5.582,1.3475
51801,2024-11-26T13:00:42Z,5.749,1.4715
51801,2024-11-26T13:10:42Z,5.915,1.0822
51801,2024-11-26T13:20:42Z,6.082,0.6841
51801,2024-11-26T13:30:42Z,6.249,1.3327
51801,2024-11-26T13:40:42Z,6.415,1.949
51801,2024-11-26T13:50:42Z,6.582,1.9241
51801,2024-11-26T14:00:42Z,6.749,1.2377
51801,2024-11-26T14:10:42Z,6.915,0.6036
51801,2024-11-26T14:20:42Z,7.082,1.2735
51801,2024-11-26T14:30:42Z,7.249,1.7938
51801,2024-11-26T14:40:42Z,7.415,1.6784
51801,2024-11-26T14:50:42Z,7.582,1.0237
51801,2024-11-26T15:00:42Z,7.749,0.6305
51801,2024-11-26T15:10:42Z,7.915,1.2379
51801,2024-11-26T15:20:42Z,8.082,1.5338
51801,2024-11-26T15:30:42Z,8.249,1.1922
51801,2024-11-26T15:40:42Z,8.415,0.7092
51801,2024-11-26T15:50:42Z,8.582,1.3839
51801,2024-11-26T16:00:42Z,8.749,2.1335
51801,2024-11-26T16:10:42Z,8.915,2.2873
51801,2024-11-26T16:20:42Z,9.082,1.8241
51801,2024-11-26T16:30:42Z,9.249,1.1314
51801,2024-11-26T16:40:42Z,9.415,1.1062
51801,2024-11-26T16:50:42Z,9.582,1.4558
51801,2024-11-26T17:00:42Z,9.749,1.3705
51801,2024-11-26T17:10:42Z,9.915,0.9095
51801,2024-11-26T17:20:42Z,10.082,1.2098
51801,2024-11-26T17:30:42Z,10.249,2.1
51801,2024-11-26T17:40:42Z,10.415,2.5933
51801,2024-11-26T17:50:42Z,10.582,2.4346
51801,2024-11-26T18:00:42Z,10.749,1.7617
51801,2024-11-26T18:10:42Z,10.915,1.1464
51801,2024-11-26T18:20:42Z,11.082,1.3176
51801,2024-11-26T18:30:42Z,11.249,1.5351
51801,2024-11-26T18:40:42Z,11.415,1.301
51801,2024-11-26T18:50:42Z,11.582,1.143
51801,2024-11-26T19:00:42Z,11.749,1.873
51801,2024-11-26T19:10:42Z,11.915,2.6808
51801,2024-11-28T13:20:42Z,0.03,0.9958
51801,2024-11-28T13:30:42Z,0.197,0.6601
51801,2024-11-28T13:40:42Z,0.364,0.6672
51801,2024-11-28T13:50:42Z,0.53,1.0669
51801,2024-11-28T14:00:42Z,0.697,1.6858
51801,2024-11-28T14:10:42Z,0.864,2.2971
51801,2024-11-28T14:20:42Z,1.03,2.7025
51801,2024-11-28T14:30:42Z,1.197,2.7724
51801,2024-11-28T14:40:42Z,1.364,2.4886
51801,2024-11-28T14:50:42Z,1.53,1.9966
51801,2024-11-28T15:00:42Z,1.697,1.5018
51801,2024-11-28T15:10:42Z,1.864,1.2315
51801,2024-11-28T15:20:42Z,2.03,1.367
51801,2024-11-28T15:30:42Z,2.197,1.8566
51801,2024-11-28T15:40:42Z,2.364,2.4411
51801,2024-11-28T15:50:42Z,2.53,2.8821
51801,2024-11-28T16:00:42Z,2.697,3.0234
51801,2024-11-28T16:10:42Z,2.864,2.8019
51801,2024-11-28T16:20:42Z,3.03,2.2971
51801,2024-11-28T16:30:42Z,3.197,1.7173
51801,2024-11-28T16:40:42Z,3.364,1.2809
51801,2024-11-28T16:50:42Z,3.53,1.2153
51801,2024-11-28T17:00:42Z,3.697,1.5927
51801,2024-11-28T17:10:42Z,3.864,2.216
51801,2024-11-28T17:20:42Z,4.03,2.7856
51801,2024-11-28T17:30:42Z,4.197,3.0933
51801,2024-11-28T17:40:42Z,4.364,3.0271
51801,2024-11-28T17:50:42Z,4.53,2.6067
51801,2024-11-28T18:00:42Z,4.697,1.9992
51801,2024-11-28T18:10:42Z,4.864,1.4701
51801,2024-11-28T18:20:42Z,5.03,1.241
51801,2024-11-28T18:30:42Z,5.197,1.4407
51801,2024-11-28T18:40:42Z,5.364,1.9903
51801,2024-11-28T18:50:42Z,5.53,2.6405
51801,2024-11-28T19:00:42Z,5.697,3.1057
51801,2024-11-28T19:10:42Z,5.864,3.2488
51801,2024-11-28T19:20:42Z,6.03,3.0379
51801,2024-11-28T19:30:42Z,6.197,2.577
51801,2024-11-28T19:40:42Z,0.004,1.8024
51801,2024-11-28T19:50:42Z,0.171,1.8774
51801,2024-11-28T20:00:42Z,0.338,1.6177
51801,2024-11-28T20:10:42Z,0.504,1.1169
51801,2024-11-28T20:20:42Z,0.671,0.5522
51801,2024-11-28T20:30:42Z,0.838,0.1737
51801,2024-11-28T20:40:42Z,1.004,0.2568
51801,2024-11-28T20:50:42Z,1.171,0.4577
51801,2024-11-28T21:00:42Z,1.338,0.6929
51801,2024-11-28T21:10:42Z,1.504,0.8743
51801,2024-11-28T21:20:42Z,1.671,0.9149
51801,2024-11-28T21:30:42Z,1.838,0.8081
51801,2024-11-28T21:40:42Z,2.004,0.6562
51801,2024-11-28T21:50:42Z,2.171,0.5039
51801,2024-11-28T22:00:42Z,2.338,0.3574
51801,2024-11-28T22:10:42Z,2.504,0.2412
51801,2024-11-28T22:20:42Z,2.671,0.2915
51801,2024-11-28T22:30:42Z,2.838,0.5396
51801,2024-11-28T22:40:42Z,3.004,0.7802
51801,2024-11-28T22:50:42Z,3.171,0.8632
51801,2024-11-28T23:00:42Z,3.338,0.7301
51801,2024-11-28T23:10:42Z,3.504,0.476
51801,2024-11-28T23:20:42Z,3.671,0.3505
51801,2024-11-28T23:30:42Z,3.838,0.371
51801,2024-11-28T23:40:42Z,4.004,0.3311
51801,2024-11-28T23:50:42Z,4.171,0.3143
51801,2024-11-29T00:00:42Z,4.338,0.6417
51801,2024-11-29T00:10:42Z,4.504,1.0434
51801,2024-11-29T00:20:42Z,4.671,1.3296
51801,2024-11-29T00:30:42Z,4.838,1.3759
51801,2024-11-29T00:40:42Z,5.004,1.1651
51801,2024-11-29T00:50:42Z,5.171,0.8115
51801,2024-11-29T01:00:42Z,5.338,0.4849
51801,2024-11-29T01:10:42Z,5.504,0.3488
51801,2024-11-29T01:20:42Z,5.671,0.5801
51801,2024-11-29T01:30:42Z,5.838,1.0488
51801,2024-11-29T01:40:42Z,6.004,1.6124
51801,2024-11-29T01:50:42Z,6.171,2.0963
51801,2024-11-29T02:00:42Z,6.338,2.3843
51801,2024-11-29T02:10:42Z,6.504,2.3665
51801,2024-11-29T02:20:42Z,6.671,2.0793
51801,2024-11-29T02:30:42Z,6.838,1.6651
51801,2024-11-29T02:40:42Z,7.004,1.3186
51801,2024-11-29T02:50:42Z,7.171,1.2367
51801,2024-11-29T03:00:42Z,7.338,1.523
51801,2024-11-29T03:10:42Z,7.504,2.0787
51801,2024-11-29T03:20:42Z,7.671,2.7094
51801,2024-11-29T03:30:42Z,7.838,3.213
51801,2024-11-29T03:40:42Z,8.004,3.4661
51801,2024-11-29T03:50:42Z,8.171,3.3674
51801,2024-11-29T04:00:42Z,8.338,3.0041
51801,2024-11-29T04:10:42Z,8.504,2.545
51801,2024-11-29T04:20:42Z,8.671,2.2041
51801,2024-11-29T04:30:42Z,8.838,2.1462
51801,2024-11-29T04:40:42Z,9.004,2.4069
51801,2024-11-29T04:50:42Z,9.171,2.8963
51801,2024-11-29T05:00:42Z,9.338,3.4439
51801,2024-11-29T05:10:42Z,9.504,3.8845
51801,2024-11-29T05:20:42Z,9.671,4.1185
51801,2024-11-29T05:30:42Z,9.838,4.0657
51801,2024-11-29T05:40:42Z,10.004,3.8055
51801,2024-11-29T05:50:42Z,10.171,3.4806
51801,2024-11-29T06:00:42Z,10.338,3.274
51801,2024-11-29T06:10:42Z,10.504,3.3036
51801,2024-11-29T06:20:42Z,10.671,3.5923
51801,2024-11-29T06:30:42Z,10.838,4.0683
51801,2024-11-29T06:40:42Z,11.004,4.5755
51801,2024-11-29T06:50:42Z,11.171,4.9773
51801,2024-11-29T07:00:42Z,11.338,5.2017
51801,2024-11-29T07:10:42Z,11.504,5.2085
51801,2024-11-29T07:20:42Z,11.671,5.0533
51801,2024-11-29T07:30:42Z,11.838,4.8478
51801,2024-11-29T21:10:42Z,0.068,2.5524
51801,2024-11-29T21:20:42Z,0.235,2.216
51801,2024-11-29T21:30:42Z,0.402,2.0635
51801,2024-11-29T21:40:42Z,0.568,2.115
51801,2024-11-29T21:50:42Z,0.735,2.2561
51801,2024-11-29T22:00:42Z,0.902,2.461
51801,2024-11-29T22:10:42Z,1.068,2.7208
51801,2024-11-29T22:20:42Z,1.235,2.8967
51801,2024-11-29T22:30:42Z,1.402,2.8769
51801,2024-11-29T22:40:42Z,1.568,2.6208
51801,2024-11-29T22:50:42Z,1.735,2.1981
51801,2024-11-29T23:00:42Z,1.902,1.8167
51801,2024-11-29T23:10:42Z,2.068,1.7105
51801,2024-11-29T23:20:42Z,2.235,1.8909
51801,2024-11-29T23:30:42Z,2.402,2.2182
51801,2024-11-29T23:40:42Z,2.568,2.6029
51801,2024-11-29T23:50:42Z,2.735,2.9615
51801,2024-11-30T00:00:42Z,2.902,3.1478
51801,2024-11-30T00:10:42Z,3.068,3.1025
51801,2024-11-30T00:20:42Z,3.235,2.8245
51801,2024-11-30T00:30:42Z,3.402,2.4296
51801,2024-11-30T00:40:42Z,3.568,2.1434
51801,2024-11-30T00:50:42Z,3.735,2.1506
51801,2024-11-30T01:00:42Z,3.902,2.432
51801,2024-11-30T01:10:42Z,4.068,2.8624
51801,2024-11-30T01:20:42Z,4.235,3.3277
51801,2024-11-30T01:30:42Z,4.402,3.708
51801,2024-11-30T01:40:42Z,4.568,3.879
51801,2024-11-30T01:50:42Z,4.735,3.8254
51801,2024-11-30T02:00:42Z,4.902,3.5538
51801,2024-11-30T02:10:42Z,5.068,3.2049
51801,2024-11-30T02:20:42Z,5.235,2.9756
51801,2024-11-30T02:30:42Z,5.402,2.9911
51801,2024-11-30T02:40:42Z,5.568,3.2419
51801,2024-11-30T02:50:42Z,5.735,3.6431
51801,2024-11-30T03:00:42Z,5.902,4.0815
51801,2024-11-30T03:10:42Z,6.068,4.4223
51801,2024-11-30T03:20:42Z,6.235,4.5543
51801,2024-11-30T03:30:42Z,6.402,4.4864
51801,2024-11-30T03:40:42Z,6.568,4.2381
51801,2024-11-30T03:50:42Z,6.735,3.9618
51801,2024-11-30T04:00:42Z,6.902,3.8033
51801,2024-11-30T04:10:42Z,7.068,3.8395
51801,2024-11-30T04:20:42Z,7.235,4.0379
51801,2024-11-30T04:30:42Z,7.402,4.3088
51801,2024-11-30T04:40:42Z,7.568,4.5639
51801,2024-11-30T04:50:42Z,7.735,4.7191
51801,2024-11-30T05:00:42Z,7.902,3.3181
51801,2024-11-30T05:10:42Z,8.068,3.3403
51801,2024-11-30T05:20:42Z,8.235,3.1723
51801,2024-11-30T05:30:42Z,8.402,2.9161
51801,2024-11-30T05:40:42Z,8.568,2.6972
51801,2024-11-30T05:50:42Z,8.735,2.5488
51801,2024-11-30T06:00:42Z,8.902,2.5033
51801,2024-11-30T06:10:42Z,9.068,2.6374
51801,2024-11-30T06:20:42Z,9.235,2.9326
51801,2024-11-30T06:30:42Z,9.402,3.2435
51801,2024-11-30T06:40:42Z,9.568,3.3901
51801,2024-11-30T06:50:42Z,9.735,3.3208
51801,2024-11-30T07:00:42Z,9.902,3.0999
51801,2024-11-30T07:10:42Z,10.068,2.8494
51801,2024-11-30T07:20:42Z,10.235,2.6586
51801,2024-11-30T07:30:42Z,10.402,2.543
51801,2024-11-30T07:40:42Z,10.568,2.5704
51801,2024-11-30T07:50:42Z,10.735,2.7887
51801,2024-11-30T08:00:42Z,10.902,3.1152
51801,2024-11-30T08:10:42Z,11.068,3.3701
51801,2024-11-30T08:20:42Z,11.235,3.4183
51801,2024-11-30T08:30:42Z,11.402,3.2723
51801,2024-11-30T08:40:42Z,11.568,3.0231
51801,2024-11-30T08:50:42Z,11.735,2.794
51801,2024-11-30T09:00:42Z,11.902,2.6289
53728,2024-11-26T06:00:42Z,5.117,9.7339
53728,2024-11-26T06:10:42Z,5.284,9.7714
53728,2024-11-26T06:20:42Z,5.451,10.357
53728,2024-11-26T06:30:42Z,5.617,11.1433
53728,2024-11-26T06:40:42Z,5.784,11.7349
53728,2024-11-26T06:50:42Z,5.951,11.8413
53728,2024-11-26T07:00:42Z,6.117,11.3752
53728,2024-11-26T07:10:42Z,6.284,10.4598
53728,2024-11-26T07:20:42Z,6.451,9.3888
53728,2024-11-26T07:30:42Z,6.617,8.5389
53728,2024-11-26T07:40:42Z,6.784,8.2493
53728,2024-11-26T07:50:42Z,6.951,8.5916
53728,2024-11-26T08:00:42Z,7.117,9.3462
53728,2024-11-26T08:10:42Z,7.284,10.1077
53728,2024-11-26T08:20:42Z,7.451,10.5309
53728,2024-11-26T08:30:42Z,7.617,10.3929
53728,2024-11-26T08:40:42Z,7.784,9.6938
53728,2024-11-26T08:50:42Z,7.951,8.6355
53728,2024-11-26T09:00:42Z,8.117,7.5607
53728,2024-11-26T09:10:42Z,8.284,6.8679
53728,2024-11-26T09:20:42Z,8.451,6.836
53728,2024-11-26T09:30:42Z,8.617,7.369
53728,2024-11-26T09:40:42Z,8.784,8.1062
53728,2024-11-26T09:50:42Z,8.951,8.6547
53728,2024-11-26T10:00:42Z,9.117,8.7483
53728,2024-11-26T10:10:42Z,9.284,8.2649
53728,2024-11-26T10:20:42Z,9.451,7.3097
53728,2024-11-26T10:30:42Z,9.617,6.156
53728,2024-11-26T10:40:42Z,9.784,5.1884
53728,2024-11-26T10:50:42Z,9.951,4.8004
53728,2024-11-26T11:00:42Z,10.117,5.1171
53728,2024-11-26T11:10:42Z,10.284,5.8253
53728,2024-11-26T11:20:42Z,10.451,6.4945
53728,2024-11-26T11:30:42Z,10.617,6.8028
53728,2024-11-26T11:40:42Z,10.784,6.5711
53728,2024-11-26T11:50:42Z,10.951,5.8034
53728,2024-11-26T12:00:42Z,11.117,4.6994
53728,2024-11-26T12:10:42Z,11.284,3.5814
53728,2024-11-26T12:20:42Z,11.451,2.8379
53728,2024-11-26T12:30:42Z,11.617,2.8618
53728,2024-11-26T12:40:42Z,11.784,3.539
53728,2024-11-26T12:50:42Z,11.951,4.3533
53728,2024-11-28T00:40:42Z,0.092,0.2676
53728,2024-11-28T00:50:42Z,0.259,0.6609
53728,2024-11-28T01:00:42Z,0.426,1.1272
53728,2024-11-28T01:10:42Z,0.592,1.5107
53728,2024-11-28T01:20:42Z,0.759,1.6807
53728,2024-11-28T01:30:42Z,0.926,1.6024
53728,2024-11-28T01:40:42Z,1.092,1.3193
53728,2024-11-28T01:50:42Z,1.259,0.9709
53728,2024-11-28T02:00:42Z,1.426,0.7066
53728,2024-11-28T02:10:42Z,1.592,0.6883
53728,2024-11-28T02:20:42Z,1.759,0.937
53728,2024-11-28T02:30:42Z,1.926,1.2862
53728,2024-11-28T02:40:42Z,2.092,1.5867
53728,2024-11-28T02:50:42Z,2.259,1.7221
53728,2024-11-28T03:00:42Z,2.426,1.6476
53728,2024-11-28T03:10:42Z,2.592,1.3789
53728,2024-11-28T03:20:42Z,2.759,0.9929
53728,2024-11-28T03:30:42Z,2.926,0.6038
53728,2024-11-28T03:40:42Z,3.092,0.4068
53728,2024-11-28T03:50:42Z,3.259,0.5995
53728,2024-11-28T04:00:42Z,3.426,0.9061
53728,2024-11-28T04:10:42Z,3.592,1.1925
53728,2024-11-28T04:20:42Z,3.759,1.3081
53728,2024-11-28T04:30:42Z,3.926,1.2754
53728,2024-11-28T04:40:42Z,4.092,1.0649
53728,2024-11-28T04:50:42Z,4.259,0.753
53728,2024-11-28T05:00:42Z,4.426,0.4378
53728,2024-11-28T05:10:42Z,4.592,0.2038
53728,2024-11-28T05:20:42Z,4.759,0.3596
53728,2024-11-28T05:30:42Z,4.926,0.6838
53728,2024-11-28T05:40:42Z,5.092,1.0024
53728,2024-11-28T05:50:42Z,5.259,1.2451
53728,2024-11-28T06:00:42Z,5.426,1.307
53728,2024-11-28T06:10:42Z,5.592,1.1628
53728,2024-11-28T06:20:42Z,5.759,0.8601
53728,2024-11-28T06:30:42Z,5.926,0.5187
53728,2024-11-28T06:40:42Z,6.092,0.2632
53728,2024-11-28T06:50:42Z,6.259,0.3217
53728,2024-11-28T07:00:42Z,6.426,0.6238
53728,2024-11-28T07:10:42Z,6.592,0.9765
53728,2024-11-28T07:20:42Z,6.759,1.2812
53728,2024-11-28T07:30:42Z,6.926,1.4611
53728,2024-11-28T07:40:42Z,7.092,1.4322
53728,2024-11-28T07:50:42Z,7.259,1.1975
53728,2024-11-28T08:00:42Z,7.426,0.8363
53728,2024-11-28T08:10:42Z,7.592,0.555
53728,2024-11-28T08:20:42Z,7.759,0.4913
53728,2024-11-28T08:30:42Z,7.926,0.5027
53728,2024-11-28T08:40:42Z,8.092,0.47
53728,2024-11-28T08:50:42Z,8.259,0.3683
53728,2024-11-28T09:00:42Z,8.426,0.3398
53728,2024-11-28T09:10:42Z,8.592,0.5728
53728,2024-11-28T09:20:42Z,8.759,0.8514
53728,2024-11-28T09:30:42Z,8.926,1.0848
53728,2024-11-28T09:40:42Z,9.092,1.2493
53728,2024-11-28T09:50:42Z,9.259,1.2996
53728,2024-11-28T10:00:42Z,9.426,1.2525
53728,2024-11-28T10:10:42Z,9.592,1.1971
53728,2024-11-28T10:20:42Z,9.759,1.2453
53728,2024-11-28T10:30:42Z,9.926,1.4813
53728,2024-11-28T10:40:42Z,10.092,1.8888
53728,2024-11-28T10:50:42Z,10.259,2.3478
53728,2024-11-28T11:00:42Z,10.426,2.7248
53728,2024-11-28T11:10:42Z,10.592,2.9612
53728,2024-11-28T11:20:42Z,10.759,3.0351
53728,2024-11-28T11:30:42Z,10.926,2.98
53728,2024-11-28T11:40:42Z,11.092,2.8947
53728,2024-11-28T11:50:42Z,11.259,2.9155
53728,2024-11-28T12:00:42Z,11.426,3.1009
53728,2024-11-28T12:10:42Z,11.592,3.4762
53728,2024-11-28T12:20:42Z,11.759,3.9906
53728,2024-11-28T12:30:42Z,11.926,4.4856
53728,2024-11-28T15:00:42Z,0.118,1.7473
53728,2024-11-28T15:10:42Z,0.285,1.6551
53728,2024-11-28T15:20:42Z,0.452,1.8977
53728,2024-11-28T15:30:42Z,0.618,2.4597
53728,2024-11-28T15:40:42Z,0.785,3.1597
53728,2024-11-28T15:50:42Z,0.952,3.7609
53728,2024-11-28T16:00:42Z,1.118,4.0913
53728,2024-11-28T16:10:42Z,1.285,4.1298
53728,2024-11-28T16:20:42Z,1.452,3.9411
53728,2024-11-28T16:30:42Z,1.618,3.6734
53728,2024-11-28T16:40:42Z,1.785,3.5186
53728,2024-11-28T16:50:42Z,1.952,3.6283
53728,2024-11-28T17:00:42Z,2.118,4.0077
53728,2024-11-28T17:10:42Z,2.285,4.5596
53728,2024-11-28T17:20:42Z,2.452,5.1005
53728,2024-11-28T17:30:42Z,2.618,5.446
53728,2024-11-28T17:40:42Z,2.785,5.5168
53728,2024-11-28T17:50:42Z,2.952,5.3432
53728,2024-11-28T18:00:42Z,3.118,5.0273
53728,2024-11-28T18:10:42Z,3.285,4.7595
53728,2024-11-28T18:20:42Z,3.452,4.7196
53728,2024-11-28T18:30:42Z,3.618,4.9831
53728,2024-11-28T18:40:42Z,3.785,5.4689
53728,2024-11-28T18:50:42Z,3.952,6.0165
53728,2024-11-28T19:00:42Z,4.118,6.436
53728,2024-11-28T19:10:42Z,4.285,6.5883
53728,2024-11-28T19:20:42Z,4.452,6.459
53728,2024-11-28T19:30:42Z,4.618,6.1146
53728,2024-11-28T19:40:42Z,4.785,5.7063
53728,2024-11-28T19:50:42Z,4.952,5.473
53728,2024-11-28T20:00:42Z,5.118,5.5717
53728,2024-11-28T20:10:42Z,5.285,6.0155
53728,2024-11-28T20:20:42Z,5.452,6.6462
53728,2024-11-28T20:30:42Z,5.618,7.2377
53728,2024-11-28T20:40:42Z,5.785,7.5859
53728,2024-11-28T20:50:42Z,5.952,7.5849
53728,2024-11-28T21:00:42Z,6.118,7.2801
53728,2024-11-28T21:10:42Z,6.285,6.7932
53728,2024-11-28T21:20:42Z,6.452,6.3473
53728,2024-11-28T21:30:42Z,6.618,6.2124
53728,2024-11-28T21:40:42Z,6.785,6.5043
53728,2024-11-28T21:50:42Z,6.952,7.1542
53728,2024-11-28T22:00:42Z,7.118,7.9323
53728,2024-11-28T22:10:42Z,7.285,8.5852
53728,2024-11-28T22:20:42Z,7.452,8.9251
53728,2024-11-28T22:30:42Z,7.618,8.8769
53728,2024-11-28T22:40:42Z,7.785,8.5125
53728,2024-11-28T22:50:42Z,7.952,7.9636
53728,2024-11-28T23:00:42Z,8.118,7.4867
53728,2024-11-28T23:10:42Z,8.285,7.3599
53728,2024-11-28T23:20:42Z,8.452,7.696
53728,2024-11-28T23:30:42Z,8.618,8.3923
53728,2024-11-28T23:40:42Z,8.785,9.1787
53728,2024-11-28T23:50:42Z,8.952,9.802
53728,2024-11-29T00:00:42Z,9.118,10.0797
53728,2024-11-29T00:10:42Z,9.285,9.9452
53728,2024-11-29T00:20:42Z,9.452,9.4876
53728,2024-11-29T00:30:42Z,9.618,8.8668
53728,2024-11-29T00:40:42Z,9.785,8.365
53728,2024-11-29T00:50:42Z,9.952,8.2474
53728,2024-11-29T01:00:42Z,10.118,8.6179
53728,2024-11-29T01:10:42Z,10.285,9.3373
53728,2024-11-29T01:20:42Z,10.452,10.0932
53728,2024-11-29T01:30:42Z,10.618,10.6035
53728,2024-11-29T01:40:42Z,10.785,10.7039
53728,2024-11-29T01:50:42Z,10.952,10.401
53728,2024-11-29T02:00:42Z,11.118,9.8598
53728,2024-11-29T02:10:42Z,11.285,9.325
53728,2024-11-29T02:20:42Z,11.452,9.1054
53728,2024-11-29T02:30:42Z,11.618,9.396
53728,2024-11-29T02:40:42Z,11.785,10.1452
53728,2024-11-29T02:50:42Z,11.952,11.0808
53728,2024-11-29T06:50:42Z,0.054,1.9337
53728,2024-11-29T07:00:42Z,0.221,1.8652
53728,2024-11-29T07:10:42Z,0.388,1.4628
53728,2024-11-29T07:20:42Z,0.554,0.9415
53728,2024-11-29T07:30:42Z,0.721,0.5325
53728,2024-11-29T07:40:42Z,0.888,0.4001
53728,2024-11-29T07:50:42Z,1.054,0.917
53728,2024-11-29T08:00:42Z,1.221,1.7822
53728,2024-11-29T08:10:42Z,1.388,2.6487
53728,2024-11-29T08:20:42Z,1.554,3.2604
53728,2024-11-29T08:30:42Z,1.721,3.4271
53728,2024-11-29T08:40:42Z,1.888,3.1425
53728,2024-11-29T08:50:42Z,2.054,2.5813
53728,2024-11-29T09:00:42Z,2.221,1.9673
53728,2024-11-29T09:10:42Z,2.388,1.5488
53728,2024-11-29T09:20:42Z,2.554,1.6168
53728,2024-11-29T09:30:42Z,2.721,2.2345
53728,2024-11-29T09:40:42Z,2.888,3.0728
53728,2024-11-29T09:50:42Z,3.054,3.7972
53728,2024-11-29T10:00:42Z,3.221,4.1943
53728,2024-11-29T10:10:42Z,3.388,4.1556
53728,2024-11-29T10:20:42Z,3.554,3.7499
53728,2024-11-29T10:30:42Z,3.721,3.1891
53728,2024-11-29T10:40:42Z,3.888,2.7022
53728,2024-11-29T10:50:42Z,4.054,2.5378
53728,2024-11-29T11:00:42Z,4.221,2.8632
53728,2024-11-29T11:10:42Z,4.388,3.5611
53728,2024-11-29T11:20:42Z,4.554,4.3491
53728,2024-11-29T11:30:42Z,4.721,4.9488
53728,2024-11-29T11:40:42Z,4.888,5.1921
53728,2024-11-29T11:50:42Z,5.054,5.0138
53728,2024-11-29T12:00:42Z,5.221,4.5393
53728,2024-11-29T12:10:42Z,5.388,4.0218
53728,2024-11-29T12:20:42Z,5.554,3.7013
53728,2024-11-29T12:30:42Z,5.721,3.7647
53728,2024-11-29T12:40:42Z,5.888,4.2824
53728,2024-11-29T12:50:42Z,6.054,5.1077
53728,2024-11-29T13:00:42Z,6.221,5.9692
53728,2024-11-29T13:10:42Z,6.388,6.5872
53728,2024-11-29T13:20:42Z,6.554,6.7951
53728,2024-11-29T13:30:42Z,6.721,6.5457
53728,2024-11-29T13:40:42Z,6.888,6.0046
53728,2024-11-29T13:50:42Z,7.054,5.4565
53728,2024-11-29T14:00:42Z,7.221,5.1969
53728,2024-11-29T14:10:42Z,7.388,5.4583
53728,2024-11-29T14:20:42Z,7.554,6.273
53728,2024-11-29T14:30:42Z,7.721,7.3895
53728,2024-11-29T14:40:42Z,7.888,8.4306
53728,2024-11-29T14:50:42Z,8.054,9.0532
53728,2024-11-29T15:00:42Z,8.221,9.0813
53728,2024-11-29T15:10:42Z,8.388,8.5312
53728,2024-11-29T15:20:42Z,8.554,7.6823
53728,2024-11-29T15:30:42Z,8.721,6.932
53728,2024-11-29T15:40:42Z,8.888,6.658
53728,2024-11-29T15:50:42Z,9.054,7.0571
53728,2024-11-29T16:00:42Z,9.221,8.0355
53728,2024-11-29T16:10:42Z,9.388,9.2271
53728,2024-11-29T16:20:42Z,9.554,10.2121
53728,2024-11-29T16:30:42Z,9.721,10.6718
53728,2024-11-29T16:40:42Z,9.888,10.4844
53728,2024-11-29T16:50:42Z,10.054,9.7568
53728,2024-11-29T17:00:42Z,10.221,8.8331
53728,2024-11-29T17:10:42Z,10.388,8.1362
53728,2024-11-29T17:20:42Z,10.554,8.0117
53728,2024-11-29T17:30:42Z,10.721,8.5643
53728,2024-11-29T17:40:42Z,10.888,9.5882
53728,2024-11-29T17:50:42Z,11.054,10.6625
53728,2024-11-29T18:00:42Z,11.221,11.4029
53728,2024-11-29T18:10:42Z,11.388,11.5622
53728,2024-11-29T18:20:42Z,11.554,11.1096
53728,2024-11-29T18:30:42Z,11.721,10.2463
53728,2024-11-29T18:40:42Z,11.888,9.3623
56416,2024-11-26T06:00:42Z,8.113,0.5648
56416,2024-11-26T06:10:42Z,8.28,0.4317
56416,2024-11-26T06:20:42Z,8.446,0.2887
56416,2024-11-26T06:30:42Z,8.613,0.3682
56416,2024-11-26T06:40:42Z,8.78,0.5427
56416,2024-11-26T06:50:42Z,8.946,0.6144
56416,2024-11-26T07:00:42Z,9.113,0.5454
56416,2024-11-26T07:10:42Z,9.28,0.3919
56416,2024-11-26T07:20:42Z,9.446,0.3209
56416,2024-11-26T07:30:42Z,9.613,0.3433
56416,2024-11-26T07:40:42Z,9.78,0.2595
56416,2024-11-26T07:50:42Z,9.946,0.1933
56416,2024-11-26T08:00:42Z,10.113,0.4693
56416,2024-11-26T08:10:42Z,10.28,0.7291
56416,2024-11-26T08:20:42Z,10.446,0.8605
56416,2024-11-26T08:30:42Z,10.613,0.8567
56416,2024-11-26T08:40:42Z,10.78,0.7384
56416,2024-11-26T08:50:42Z,10.946,0.5594
56416,2024-11-26T09:00:42Z,11.113,0.3763
56416,2024-11-26T09:10:42Z,11.28,0.1825
56416,2024-11-26T09:20:42Z,11.446,0.1153
56416,2024-11-26T09:30:42Z,11.613,0.4098
56416,2024-11-26T09:40:42Z,11.78,0.6956
56416,2024-11-26T09:50:42Z,11.946,0.8469
56416,2024-11-27T07:30:42Z,0.108,1.325
56416,2024-11-27T07:40:42Z,0.275,1.3388
56416,2024-11-27T07:50:42Z,0.442,1.4811
56416,2024-11-27T08:00:42Z,0.608,1.6912
56416,2024-11-27T08:10:42Z,0.775,1.8926
56416,2024-11-27T08:20:42Z,0.942,2.0172
56416,2024-11-27T08:30:42Z,1.108,2.0538
56416,2024-11-27T08:40:42Z,1.275,1.9935
56416,2024-11-27T08:50:42Z,1.442,1.8683
56416,2024-11-27T09:00:42Z,1.608,1.7366
56416,2024-11-27T09:10:42Z,1.775,1.6633
56416,2024-11-27T09:20:42Z,1.942,1.7065
56416,2024-11-27T09:30:42Z,2.108,1.8652
56416,2024-11-27T09:40:42Z,2.275,2.0438
56416,2024-11-27T09:50:42Z,2.442,2.165
56416,2024-11-27T10:00:42Z,2.608,2.1918
56416,2024-11-27T10:10:42Z,2.775,2.1154
56416,2024-11-27T10:20:42Z,2.942,1.937
56416,2024-11-27T10:30:42Z,3.108,1.7105
56416,2024-11-27T10:40:42Z,3.275,1.5324
56416,2024-11-27T10:50:42Z,3.442,1.4862
56416,2024-11-27T11:00:42Z,3.608,1.6138
56416,2024-11-27T11:10:42Z,3.775,1.841
56416,2024-11-27T11:20:42Z,3.942,2.0159
56416,2024-11-27T11:30:42Z,4.108,2.0471
56416,2024-11-27T11:40:42Z,4.275,1.9287
56416,2024-11-27T11:50:42Z,4.442,1.6863
56416,2024-11-27T12:00:42Z,4.608,1.5839
56416,2024-11-27T12:10:42Z,4.775,1.3511
56416,2024-11-27T12:20:42Z,4.942,1.3064
56416,2024-11-27T12:30:42Z,5.108,1.4697
56416,2024-11-27T12:40:42Z,5.275,1.7749
56416,2024-11-27T12:50:42Z,5.442,2.0846
56416,2024-11-27T13:00:42Z,5.608,2.2482
56416,2024-11-27T13:10:42Z,5.775,2.1921
56416,2024-11-27T13:20:42Z,5.942,1.9608
56416,2024-11-27T13:30:42Z,6.108,1.66
56416,2024-11-27T13:40:42Z,6.275,1.4241
56416,2024-11-27T13:50:42Z,6.442,1.3837
56416,2024-11-27T14:00:42Z,6.608,1.5952
56416,2024-11-27T14:10:42Z,6.775,1.929
56416,2024-11-27T14:20:42Z,6.942,2.2595
56416,2024-11-27T14:30:42Z,7.108,2.4801
56416,2024-11-27T14:40:42Z,7.275,2.5249
56416,2024-11-27T14:50:42Z,7.442,2.4234
56416,2024-11-27T15:00:42Z,7.608,2.2959
56416,2024-11-27T15:10:42Z,7.775,2.2537
56416,2024-11-27T15:20:42Z,7.942,2.3507
56416,2024-11-27T15:30:42Z,8.108,2.5763
56416,2024-11-27T15:40:42Z,8.275,2.8646
56416,2024-11-27T15:50:42Z,8.442,3.0736
56416,2024-11-27T16:00:42Z,8.608,3.1425
56416,2024-11-27T16:10:42Z,8.775,3.0685
56416,2024-11-27T16:20:42Z,8.942,2.8986
56416,2024-11-27T16:30:42Z,9.108,2.7326
56416,2024-11-27T16:40:42Z,9.275,2.7031
56416,2024-11-27T16:50:42Z,9.442,2.8737
56416,2024-11-27T17:00:42Z,9.608,3.1969
56416,2024-11-27T17:10:42Z,9.775,3.5587
56416,2024-11-27T17:20:42Z,9.942,3.8317
56416,2024-11-27T17:30:42Z,10.108,3.897
56416,2024-11-27T17:40:42Z,10.275,3.7442
56416,2024-11-27T17:50:42Z,10.442,3.4445
56416,2024-11-27T18:00:42Z,10.608,3.1175
56416,2024-11-27T18:10:42Z,10.775,2.9138
56416,2024-11-27T18:20:42Z,10.942,2.9425
56416,2024-11-27T18:30:42Z,11.108,3.2028
56416,2024-11-27T18:40:42Z,11.275,3.5899
56416,2024-11-27T18:50:42Z,11.442,3.9468
56416,2024-11-27T19:00:42Z,11.608,4.1328
56416,2024-11-27T19:10:42Z,11.775,4.0724
56416,2024-11-27T19:20:42Z,11.942,3.7974
56416,2024-11-27T21:50:42Z,0.082,1.4143
56416,2024-11-27T22:00:42Z,0.249,1.1292
56416,2024-11-27T22:10:42Z,0.416,0.8667
56416,2024-11-27T22:20:42Z,0.582,0.736
56416,2024-11-27T22:30:42Z,0.749,0.7799
56416,2024-11-27T22:40:42Z,0.916,0.9456
56416,2024-11-27T22:50:42Z,1.082,1.1338
56416,2024-11-27T23:00:42Z,1.249,1.2712
56416,2024-11-27T23:10:42Z,1.416,1.3019
56416,2024-11-27T23:20:42Z,1.582,1.2447
56416,2024-11-27T23:30:42Z,1.749,1.1481
56416,2024-11-27T23:40:42Z,1.916,1.0453
56416,2024-11-27T23:50:42Z,2.082,0.9951
56416,2024-11-28T00:00:42Z,2.249,1.009
56416,2024-11-28T00:10:42Z,2.416,1.0753
56416,2024-11-28T00:20:42Z,2.582,1.1715
56416,2024-11-28T00:30:42Z,2.749,1.2752
56416,2024-11-28T00:40:42Z,2.916,1.3446
56416,2024-11-28T00:50:42Z,3.082,1.3405
56416,2024-11-28T01:00:42Z,3.249,1.3014
56416,2024-11-28T01:10:42Z,3.416,1.2985
56416,2024-11-28T01:20:42Z,3.582,1.3326
56416,2024-11-28T01:30:42Z,3.749,1.3911
56416,2024-11-28T01:40:42Z,3.916,1.4291
56416,2024-11-28T01:50:42Z,4.082,1.4367
56416,2024-11-28T02:00:42Z,4.249,1.419
56416,2024-11-28T02:10:42Z,4.416,1.4142
56416,2024-11-28T02:20:42Z,4.582,1.4435
56416,2024-11-28T02:30:42Z,4.749,1.4715
56416,2024-11-28T02:40:42Z,4.916,1.4596
56416,2024-11-28T02:50:42Z,5.082,1.4036
56416,2024-11-28T03:00:42Z,5.249,1.289
56416,2024-11-28T03:10:42Z,5.416,1.1569
56416,2024-11-28T03:20:42Z,5.582,1.0523
56416,2024-11-28T03:30:42Z,5.749,1.0476
56416,2024-11-28T03:40:42Z,5.916,1.0199
56416,2024-11-28T03:50:42Z,6.082,1.0311
56416,2024-11-28T04:00:42Z,6.249,1.0956
56416,2024-11-28T04:10:42Z,6.416,1.1518
56416,2024-11-28T04:20:42Z,6.582,1.1147
56416,2024-11-28T04:30:42Z,6.749,0.987
56416,2024-11-28T04:40:42Z,6.916,0.8148
56416,2024-11-28T04:50:42Z,7.082,0.6563
56416,2024-11-28T05:00:42Z,7.249,0.5652
56416,2024-11-28T05:10:42Z,7.416,0.5697
56416,2024-11-28T05:20:42Z,7.582,0.6829
56416,2024-11-28T05:30:42Z,7.749,0.8559
56416,2024-11-28T05:40:42Z,7.916,1.0181
56416,2024-11-28T05:50:42Z,8.082,1.0738
56416,2024-11-28T06:00:42Z,8.249,0.986
56416,2024-11-28T06:10:42Z,8.416,0.8195
56416,2024-11-28T06:20:42Z,8.582,0.6518
56416,2024-11-28T06:30:42Z,8.749,0.5142
56416,2024-11-28T06:40:42Z,8.916,0.4517
56416,2024-11-28T06:50:42Z,9.082,0.5132
56416,2024-11-28T07:00:42Z,9.249,0.6889
56416,2024-11-28T07:10:42Z,9.416,0.8801
56416,2024-11-28T07:20:42Z,9.582,1.0069
56416,2024-11-28T07:30:42Z,9.749,1.0086
56416,2024-11-28T07:40:42Z,9.916,0.8983
56416,2024-11-28T07:50:42Z,10.082,0.747
56416,2024-11-28T08:00:42Z,10.249,0.6242
56416,2024-11-28T08:10:42Z,10.416,0.5434
56416,2024-11-28T08:20:42Z,10.582,0.5904
56416,2024-11-28T08:30:42Z,10.749,0.7771
56416,2024-11-28T08:40:42Z,10.916,1.0097
56416,2024-11-28T08:50:42Z,11.082,1.1814
56416,2024-11-28T09:00:42Z,11.249,1.2555
56416,2024-11-28T09:10:42Z,11.416,1.235
56416,2024-11-28T09:20:42Z,11.582,1.1488
56416,2024-11-28T09:30:42Z,11.749,1.0296
56416,2024-11-28T09:40:42Z,11.916,0.9407
56416,2024-11-28T21:50:42Z,0.151,5.4861
56416,2024-11-28T22:00:42Z,0.317,5.7843
56416,2024-11-28T22:10:42Z,0.484,6.0545
56416,2024-11-28T22:20:42Z,0.651,6.1917
56416,2024-11-28T22:30:42Z,0.817,6.1576
56416,2024-11-28T22:40:42Z,0.984,6.0007
56416,2024-11-28T22:50:42Z,1.151,5.8052
56416,2024-11-28T23:00:42Z,1.317,5.6513
56416,2024-11-28T23:10:42Z,1.484,5.6022
56416,2024-11-28T23:20:42Z,1.651,5.6145
56416,2024-11-28T23:30:42Z,1.817,5.6736
56416,2024-11-28T23:40:42Z,1.984,5.7528
56416,2024-11-28T23:50:42Z,2.151,5.8227
56416,2024-11-29T00:00:42Z,2.317,5.8509
56416,2024-11-29T00:10:42Z,2.484,5.8019
56416,2024-11-29T00:20:42Z,2.651,5.6917
56416,2024-11-29T00:30:42Z,2.817,5.5535
56416,2024-11-29T00:40:42Z,2.984,5.4397
56416,2024-11-29T00:50:42Z,3.151,5.3951
56416,2024-11-29T01:00:42Z,3.317,5.3818
56416,2024-11-29T01:10:42Z,3.484,5.3925
56416,2024-11-29T01:20:42Z,3.651,5.433
56416,2024-11-29T01:30:42Z,3.817,5.5009
56416,2024-11-29T01:40:42Z,3.984,5.5742
56416,2024-11-29T01:50:42Z,4.151,5.6163
56416,2024-11-29T02:00:42Z,4.317,5.6095
56416,2024-11-29T02:10:42Z,4.484,5.5426
56416,2024-11-29T02:20:42Z,4.651,5.4556
56416,2024-11-29T02:30:42Z,4.817,5.4052
56416,2024-11-29T02:40:42Z,4.984,5.4102
56416,2024-11-29T02:50:42Z,5.151,5.5688
56416,2024-11-29T03:00:42Z,5.317,5.9042
56416,2024-11-29T03:10:42Z,5.484,6.3442
56416,2024-11-29T03:20:42Z,5.651,6.7614
56416,2024-11-29T03:30:42Z,5.817,7.0313
56416,2024-11-29T03:40:42Z,5.984,7.0973
56416,2024-11-29T03:50:42Z,6.151,6.9842
56416,2024-11-29T04:00:42Z,6.317,6.7956
56416,2024-11-29T04:10:42Z,6.484,6.6843
56416,2024-11-29T04:20:42Z,6.651,6.7594
56416,2024-11-29T04:30:42Z,6.817,7.0388
56416,2024-11-29T04:40:42Z,6.984,7.4781
56416,2024-11-29T04:50:42Z,7.151,7.942
56416,2024-11-29T05:00:42Z,7.317,8.2749
56416,2024-11-29T05:10:42Z,7.484,8.3719
56416,2024-11-29T05:20:42Z,7.651,8.2319
56416,2024-11-29T05:30:42Z,7.817,7.9639
56416,2024-11-29T05:40:42Z,7.984,7.7238
56416,2024-11-29T05:50:42Z,8.151,7.6649
56416,2024-11-29T06:00:42Z,8.317,7.859
56416,2024-11-29T06:10:42Z,8.484,8.2536
56416,2024-11-29T06:20:42Z,8.651,8.7364
56416,2024-11-29T06:30:42Z,8.817,9.1521
56416,2024-11-29T06:40:42Z,8.984,9.3796
56416,2024-11-29T06:50:42Z,9.151,9.3658
56416,2024-11-29T07:00:42Z,9.317,9.1502
56416,2024-11-29T07:10:42Z,9.484,8.8705
56416,2024-11-29T07:20:42Z,0.078,1.0942
56416,2024-11-29T07:30:42Z,0.244,1.4174
56416,2024-11-29T07:40:42Z,0.411,2.0632
56416,2024-11-29T07:50:42Z,0.578,2.7541
56416,2024-11-29T08:00:42Z,0.744,3.239
56416,2024-11-29T08:10:42Z,0.911,3.3722
56416,2024-11-29T08:20:42Z,1.078,3.1339
56416,2024-11-29T08:30:42Z,1.244,2.6075
56416,2024-11-29T08:40:42Z,1.411,1.9749
56416,2024-11-29T08:50:42Z,1.578,1.5113
56416,2024-11-29T09:00:42Z,1.744,1.5025
56416,2024-11-29T09:10:42Z,1.911,1.9741
56416,2024-11-29T09:20:42Z,2.078,2.6531
56416,2024-11-29T09:30:42Z,2.244,3.2684
56416,2024-11-29T09:40:42Z,2.411,3.5855
56416,2024-11-29T09:50:42Z,2.578,3.51
56416,2024-11-29T10:00:42Z,2.744,3.06
56416,2024-11-29T10:10:42Z,2.911,2.3645
56416,2024-11-29T10:20:42Z,3.078,1.6595
56416,2024-11-29T10:30:42Z,3.244,1.2894
56416,2024-11-29T10:40:42Z,3.411,1.529
56416,2024-11-29T10:50:42Z,3.578,2.188
56416,2024-11-29T11:00:42Z,3.744,2.938
56416,2024-11-29T11:10:42Z,3.911,3.5001
56416,2024-11-29T11:20:42Z,4.078,3.6303
56416,2024-11-29T11:30:42Z,4.244,3.2966
56416,2024-11-29T11:40:42Z,4.411,2.6134
56416,2024-11-29T11:50:42Z,4.578,1.8206
56416,2024-11-29T12:00:42Z,4.744,1.2321
56416,2024-11-29T12:10:42Z,4.911,1.242
56416,2024-11-29T12:20:42Z,5.078,1.8525
56416,2024-11-29T12:30:42Z,5.244,2.6884
56416,2024-11-29T12:40:42Z,5.411,3.4455
56416,2024-11-29T12:50:42Z,5.578,3.8562
56416,2024-11-29T13:00:42Z,5.744,3.7456
56416,2024-11-29T13:10:42Z,5.911,3.2038
56416,2024-11-29T13:20:42Z,6.078,2.4729
56416,2024-11-29T13:30:42Z,6.244,1.8736
56416,2024-11-29T13:40:42Z,6.411,1.7265
56416,2024-11-29T13:50:42Z,6.578,2.1617
56416,2024-11-29T14:00:42Z,6.744,2.9465
56416,2024-11-29T14:10:42Z,6.911,3.741
56416,2024-11-29T14:20:42Z,7.078,4.2812
56416,2024-11-29T14:30:42Z,7.244,4.3975
56416,2024-11-29T14:40:42Z,7.411,4.0718
56416,2024-11-29T14:50:42Z,7.578,3.5116
56416,2024-11-29T15:00:42Z,7.744,3.0135
56416,2024-11-29T15:10:42Z,7.911,2.8556
56416,2024-11-29T15:20:42Z,8.078,3.1464
56416,2024-11-29T15:30:42Z,8.244,3.7709
56416,2024-11-29T15:40:42Z,8.411,4.4757
56416,2024-11-29T15:50:42Z,8.578,4.9845
56416,2024-11-29T16:00:42Z,8.744,5.1273
56416,2024-11-29T16:10:42Z,8.911,4.8596
56416,2024-11-29T16:20:42Z,9.078,4.2892
56416,2024-11-29T16:30:42Z,9.244,3.6779
56416,2024-11-29T16:40:42Z,9.411,3.3231
56416,2024-11-29T16:50:42Z,9.578,3.4407
56416,2024-11-29T17:00:42Z,9.744,3.9843
56416,2024-11-29T17:10:42Z,9.911,4.7154
56416,2024-11-29T17:20:42Z,10.078,5.35
56416,2024-11-29T17:30:42Z,10.244,5.6449
56416,2024-11-29T17:40:42Z,10.411,5.5074
56416,2024-11-29T17:50:42Z,10.578,4.9962
56416,2024-11-29T18:00:42Z,10.744,4.3136
56416,2024-11-29T18:10:42Z,10.911,3.7518
56416,2024-11-29T18:20:42Z,11.078,3.5603
56416,2024-11-29T18:30:42Z,11.244,3.8682
56416,2024-11-29T18:40:42Z,11.411,4.5233
56416,2024-11-29T18:50:42Z,11.578,5.2338
56416,2024-11-29T19:00:42Z,11.744,5.7259
56416,2024-11-29T19:10:42Z,11.911,5.8148
57126,2024-11-26T08:10:42Z,0.15,0.3941
57126,2024-11-26T08:20:42Z,0.316,0.344
57126,2024-11-26T08:30:42Z,0.483,0.2615
57126,2024-11-26T08:40:42Z,0.65,0.2989
57126,2024-11-26T08:50:42Z,0.816,0.4285
57126,2024-11-26T09:00:42Z,0.983,0.4859
57126,2024-11-26T09:10:42Z,1.15,0.415
57126,2024-11-26T09:20:42Z,1.316,0.2976
57126,2024-11-26T09:30:42Z,1.483,0.3228
57126,2024-11-26T09:40:42Z,1.65,0.4805
57126,2024-11-26T09:50:42Z,1.816,0.619
57126,2024-11-26T10:00:42Z,1.983,0.6513
57126,2024-11-26T10:10:42Z,2.15,0.5889
57126,2024-11-26T10:20:42Z,2.316,0.5697
57126,2024-11-26T10:30:42Z,2.483,0.626
57126,2024-11-26T10:40:42Z,2.65,0.6401
57126,2024-11-26T10:50:42Z,2.816,0.5202
57126,2024-11-26T11:00:42Z,2.983,0.3555
57126,2024-11-26T11:10:42Z,3.15,0.3658
57126,2024-11-26T11:20:42Z,3.316,0.5039
57126,2024-11-26T11:30:42Z,3.483,0.5686
57126,2024-11-26T11:40:42Z,3.65,0.6236
57126,2024-11-26T11:50:42Z,3.816,0.8256
57126,2024-11-26T12:00:42Z,3.983,1.1279
57126,2024-11-26T12:10:42Z,4.15,1.3405
57126,2024-11-26T12:20:42Z,4.316,1.3669
57126,2024-11-26T12:30:42Z,4.483,1.2304
57126,2024-11-26T12:40:42Z,4.65,1.0616
57126,2024-11-26T12:50:42Z,4.816,1.0507
57126,2024-11-26T13:00:42Z,4.983,1.2222
57126,2024-11-26T13:10:42Z,5.15,1.5043
57126,2024-11-26T13:20:42Z,5.316,1.8449
57126,2024-11-26T13:30:42Z,5.483,2.1988
57126,2024-11-26T13:40:42Z,5.65,2.4531
57126,2024-11-26T13:50:42Z,5.816,2.536
57126,2024-11-26T14:00:42Z,5.983,2.4351
57126,2024-11-26T14:10:42Z,6.15,2.2394
57126,2024-11-26T14:20:42Z,6.316,2.0914
57126,2024-11-26T14:30:42Z,6.483,2.1153
57126,2024-11-26T14:40:42Z,6.65,2.331
57126,2024-11-26T14:50:42Z,6.816,2.685
57126,2024-11-26T15:00:42Z,6.983,3.0598
57126,2024-11-26T15:10:42Z,7.15,3.3556
57126,2024-11-26T15:20:42Z,7.316,3.4808
57126,2024-11-26T15:30:42Z,7.483,3.4286
57126,2024-11-26T15:40:42Z,7.65,3.2423
57126,2024-11-26T15:50:42Z,7.816,3.0361
57126,2024-11-26T16:00:42Z,7.983,2.9349
57126,2024-11-26T16:10:42Z,8.15,3.0063
57126,2024-11-26T16:20:42Z,8.316,3.2456
57126,2024-11-26T16:30:42Z,8.483,3.5896
57126,2024-11-26T16:40:42Z,8.65,3.9026
57126,2024-11-26T16:50:42Z,8.816,4.0753
57126,2024-11-26T17:00:42Z,8.983,4.0519
57126,2024-11-26T17:10:42Z,9.15,3.8513
57126,2024-11-26T17:20:42Z,9.316,3.5506
57126,2024-11-26T17:30:42Z,9.483,3.2892
57126,2024-11-26T17:40:42Z,9.65,3.1999
57126,2024-11-26T17:50:42Z,9.816,3.32
57126,2024-11-26T18:00:42Z,9.983,3.6214
57126,2024-11-26T18:10:42Z,10.15,4.0008
57126,2024-11-26T18:20:42Z,10.316,4.2751
57126,2024-11-26T18:30:42Z,10.483,4.3149
57126,2024-11-26T18:40:42Z,10.65,4.1085
57126,2024-11-26T18:50:42Z,10.816,3.7275
57126,2024-11-26T19:00:42Z,10.983,3.3193
57126,2024-11-26T19:10:42Z,11.15,3.0698
57126,2024-11-26T19:20:42Z,11.316,3.1213
57126,2024-11-26T19:30:42Z,11.483,3.4389
57126,2024-11-26T19:40:42Z,11.65,3.905
57126,2024-11-26T19:50:42Z,11.816,4.3434
57126,2024-11-26T20:00:42Z,11.983,4.5564
57126,2024-11-28T04:50:42Z,0.143,2.8046
57126,2024-11-28T05:00:42Z,0.31,2.6932
57126,2024-11-28T05:10:42Z,0.477,2.4683
57126,2024-11-28T05:20:42Z,0.643,2.2133
57126,2024-11-28T05:30:42Z,0.81,2.0443
57126,2024-11-28T05:40:42Z,0.977,2.0716
57126,2024-11-28T05:50:42Z,1.143,2.2873
57126,2024-11-28T06:00:42Z,1.31,2.5739
57126,2024-11-28T06:10:42Z,1.477,2.8055
57126,2024-11-28T06:20:42Z,1.643,2.8234
57126,2024-11-28T06:30:42Z,1.81,2.6066
57126,2024-11-28T06:40:42Z,1.977,2.2219
57126,2024-11-28T06:50:42Z,2.143,1.8016
57126,2024-11-28T07:00:42Z,2.31,1.5032
57126,2024-11-28T07:10:42Z,2.477,1.4401
57126,2024-11-28T07:20:42Z,2.643,1.6329
57126,2024-11-28T07:30:42Z,2.81,1.9493
57126,2024-11-28T07:40:42Z,2.977,2.228
57126,2024-11-28T07:50:42Z,3.143,2.3544
57126,2024-11-28T08:00:42Z,3.31,2.2141
57126,2024-11-28T08:10:42Z,3.477,1.8336
57126,2024-11-28T08:20:42Z,3.643,1.3425
57126,2024-11-28T08:30:42Z,3.81,0.9144
57126,2024-11-28T08:40:42Z,3.977,0.7375
57126,2024-11-28T08:50:42Z,4.143,0.9106
57126,2024-11-28T09:00:42Z,4.31,1.2738
57126,2024-11-28T09:10:42Z,4.477,1.6329
57126,2024-11-28T09:20:42Z,4.643,1.8498
57126,2024-11-28T09:30:42Z,4.81,1.8589
57126,2024-11-28T09:40:42Z,4.977,1.6329
57126,2024-11-28T09:50:42Z,5.143,1.2548
57126,2024-11-28T10:00:42Z,5.31,0.8805
57126,2024-11-28T10:10:42Z,5.477,0.6739
57126,2024-11-28T10:20:42Z,5.643,0.7487
57126,2024-11-28T10:30:42Z,5.81,1.0449
57126,2024-11-28T10:40:42Z,5.977,1.488
57126,2024-11-28T10:50:42Z,6.143,1.9569
57126,2024-11-28T11:00:42Z,6.31,2.3357
57126,2024-11-28T11:10:42Z,6.477,2.555
57126,2024-11-28T11:20:42Z,6.643,2.5756
57126,2024-11-28T11:30:42Z,6.81,2.4276
57126,2024-11-28T11:40:42Z,6.977,2.2431
57126,2024-11-28T11:50:42Z,7.143,2.1541
57126,2024-11-28T12:00:42Z,7.31,2.2418
57126,2024-11-28T12:10:42Z,7.477,2.496
57126,2024-11-28T12:20:42Z,7.643,2.8415
57126,2024-11-28T12:30:42Z,7.81,3.1891
57126,2024-11-28T12:40:42Z,7.977,3.4452
57126,2024-11-28T12:50:42Z,8.143,3.5562
57126,2024-11-28T13:00:42Z,8.31,3.513
57126,2024-11-28T13:10:42Z,8.477,3.3524
57126,2024-11-28T13:20:42Z,8.643,3.1927
57126,2024-11-28T13:30:42Z,8.81,3.1477
57126,2024-11-28T13:40:42Z,8.977,3.2844
57126,2024-11-28T13:50:42Z,9.143,3.5754
57126,2024-11-28T14:00:42Z,9.31,3.9249
57126,2024-11-28T14:10:42Z,9.477,4.239
57126,2024-11-28T14:20:42Z,9.643,4.4226
57126,2024-11-28T14:30:42Z,9.81,4.4369
57126,2024-11-28T14:40:42Z,9.977,4.3049
57126,2024-11-28T14:50:42Z,10.143,4.0909
57126,2024-11-28T15:00:42Z,10.31,3.9032
57126,2024-11-28T15:10:42Z,10.477,3.8532
57126,2024-11-28T15:20:42Z,10.643,3.9959
57126,2024-11-28T15:30:42Z,10.81,4.2786
57126,2024-11-28T15:40:42Z,10.977,4.5888
57126,2024-11-28T15:50:42Z,11.143,4.8338
57126,2024-11-28T16:00:42Z,11.31,4.9217
57126,2024-11-28T16:10:42Z,11.477,4.8344
57126,2024-11-28T16:20:42Z,11.643,4.6232
57126,2024-11-28T16:30:42Z,11.81,4.3693
57126,2024-11-28T16:40:42Z,11.977,4.174
57126,2024-11-29T04:40:42Z,0.045,1.3582
57126,2024-11-29T04:50:42Z,0.211,0.9496
57126,2024-11-29T05:00:42Z,0.378,0.6774
57126,2024-11-29T05:10:42Z,0.545,0.7415
57126,2024-11-29T05:20:42Z,0.711,1.0971
57126,2024-11-29T05:30:42Z,0.878,1.5436
57126,2024-11-29T05:40:42Z,1.045,1.9236
57126,2024-11-29T05:50:42Z,1.211,2.1146
57126,2024-11-29T06:00:42Z,1.378,2.0627
57126,2024-11-29T06:10:42Z,1.545,1.811
57126,2024-11-29T06:20:42Z,1.711,1.5368
57126,2024-11-29T06:30:42Z,1.878,1.3874
57126,2024-11-29T06:40:42Z,2.045,1.4943
57126,2024-11-29T06:50:42Z,2.211,1.8166
57126,2024-11-29T07:00:42Z,2.378,2.2402
57126,2024-11-29T07:10:42Z,2.545,2.6447
57126,2024-11-29T07:20:42Z,2.711,2.9182
57126,2024-11-29T07:30:42Z,2.878,3.0016
57126,2024-11-29T07:40:42Z,3.045,2.8819
57126,2024-11-29T07:50:42Z,3.211,2.6288
57126,2024-11-29T08:00:42Z,3.378,2.4251
57126,2024-11-29T08:10:42Z,3.545,2.3876
57126,2024-11-29T08:20:42Z,3.711,2.5627
57126,2024-11-29T08:30:42Z,3.878,2.8824
57126,2024-11-29T08:40:42Z,4.045,3.229
57126,2024-11-29T08:50:42Z,4.211,3.4852
57126,2024-11-29T09:00:42Z,4.378,3.5768
57126,2024-11-29T09:10:42Z,4.545,3.5157
57126,2024-11-29T09:20:42Z,4.711,3.3429
57126,2024-11-29T09:30:42Z,4.878,3.1636
57126,2024-11-29T09:40:42Z,5.045,2.9536
57126,2024-11-29T09:50:42Z,5.211,2.6907
57126,2024-11-29T10:00:42Z,5.378,2.3858
57126,2024-11-29T10:10:42Z,5.545,2.0945
57126,2024-11-29T10:20:42Z,5.711,1.8606
57126,2024-11-29T10:30:42Z,5.878,1.7091
57126,2024-11-29T10:40:42Z,6.045,1.6356
57126,2024-11-29T10:50:42Z,6.211,1.6155
57126,2024-11-29T11:00:42Z,6.378,1.5799
57126,2024-11-29T11:10:42Z,6.545,1.4436
57126,2024-11-29T11:20:42Z,6.711,1.1919
57126,2024-11-29T11:30:42Z,6.878,0.8936
57126,2024-11-29T11:40:42Z,7.045,0.5919
57126,2024-11-29T11:50:42Z,7.211,0.3553
57126,2024-11-29T12:00:42Z,7.378,0.1979
57126,2024-11-29T12:10:42Z,7.545,0.141
57126,2024-11-29T12:20:42Z,7.711,0.2088
57126,2024-11-29T12:30:42Z,7.878,0.3013
57126,2024-11-29T12:40:42Z,8.045,0.3136
57126,2024-11-29T12:50:42Z,8.211,0.2564
57126,2024-11-29T13:00:42Z,8.378,0.4107
57126,2024-11-29T13:10:42Z,8.545,0.7154
57126,2024-11-29T13:20:42Z,8.711,0.9817
57126,2024-11-29T13:30:42Z,8.878,1.1342
57126,2024-11-29T13:40:42Z,9.045,1.1701
57126,2024-11-29T13:50:42Z,9.211,1.1072
57126,2024-11-29T14:00:42Z,9.378,1.012
57126,2024-11-29T14:10:42Z,9.545,0.9754
57126,2024-11-29T14:20:42Z,9.711,1.0642
57126,2024-11-29T14:30:42Z,9.878,1.2913
57126,2024-11-29T14:40:42Z,10.045,1.6065
57126,2024-11-29T14:50:42Z,10.211,1.8922
57126,2024-11-29T15:00:42Z,10.378,2.065
57126,2024-11-29T15:10:42Z,10.545,2.1015
57126,2024-11-29T15:20:42Z,10.711,2.0321
57126,2024-11-29T15:30:42Z,10.878,1.8897
57126,2024-11-29T15:40:42Z,11.045,1.7482
57126,2024-11-29T15:50:42Z,11.211,1.7092
57126,2024-11-29T16:00:42Z,11.378,1.8267
57126,2024-11-29T16:10:42Z,11.545,2.085
57126,2024-11-29T16:20:42Z,11.711,2.3951
57126,2024-11-29T16:30:42Z,11.878,2.6228
57126,2024-11-29T20:40:42Z,0.09,2.7089
57126,2024-11-29T20:50:42Z,0.256,2.175
57126,2024-11-29T21:00:42Z,0.423,1.6095
57126,2024-11-29T21:10:42Z,0.59,1.1773
57126,2024-11-29T21:20:42Z,0.756,1.0297
57126,2024-11-29T21:30:42Z,0.923,1.2451
57126,2024-11-29T21:40:42Z,1.09,1.66
57126,2024-11-29T21:50:42Z,1.256,2.0106
57126,2024-11-29T22:00:42Z,1.423,2.1055
57126,2024-11-29T22:10:42Z,1.59,1.86
57126,2024-11-29T22:20:42Z,1.756,1.3403
57126,2024-11-29T22:30:42Z,1.923,0.7644
57126,2024-11-29T22:40:42Z,2.09,0.4611
57126,2024-11-29T22:50:42Z,2.256,0.4715
57126,2024-11-29T23:00:42Z,2.423,0.6642
57126,2024-11-29T23:10:42Z,2.59,1.0743
57126,2024-11-29T23:20:42Z,2.756,1.5354
57126,2024-11-29T23:30:42Z,2.923,1.7945
57126,2024-11-29T23:40:42Z,3.09,1.7274
57126,2024-11-29T23:50:42Z,3.256,1.3305
57126,2024-11-30T00:00:42Z,3.423,0.7588
57126,2024-11-30T00:10:42Z,3.59,0.3252
57126,2024-11-30T00:20:42Z,3.756,0.3268
57126,2024-11-30T00:30:42Z,3.923,0.403
57126,2024-11-30T00:40:42Z,4.09,0.6952
57126,2024-11-30T00:50:42Z,4.256,1.1829
57126,2024-11-30T01:00:42Z,4.423,1.5952
57126,2024-11-30T01:10:42Z,4.59,1.7206
57126,2024-11-30T01:20:42Z,4.756,1.5156
57126,2024-11-30T01:30:42Z,4.923,1.0416
57126,2024-11-30T01:40:42Z,5.09,0.5146
57126,2024-11-30T01:50:42Z,5.256,0.2289
57126,2024-11-30T02:00:42Z,5.423,0.2318
57126,2024-11-30T02:10:42Z,5.59,0.4508
57126,2024-11-30T02:20:42Z,5.756,0.9637
57126,2024-11-30T02:30:42Z,5.923,1.5232
57126,2024-11-30T02:40:42Z,6.09,1.8918
57126,2024-11-30T02:50:42Z,6.256,1.9257
57126,2024-11-30T03:00:42Z,6.423,1.632
57126,2024-11-30T03:10:42Z,6.59,1.0997
57126,2024-11-30T03:20:42Z,6.756,0.5454
57126,2024-11-30T03:30:42Z,6.923,0.141
57126,2024-11-30T03:40:42Z,7.09,0.2669
57126,2024-11-30T03:50:42Z,7.256,0.6899
57126,2024-11-30T04:00:42Z,7.423,1.2008
57126,2024-11-30T04:10:42Z,7.59,0.6958
57126,2024-11-30T04:20:42Z,7.756,0.7256
57126,2024-11-30T04:30:42Z,7.923,0.7391
57126,2024-11-30T04:40:42Z,8.09,0.7717
57126,2024-11-30T04:50:42Z,8.256,0.9212
57126,2024-11-30T05:00:42Z,8.423,1.1198
57126,2024-11-30T05:10:42Z,8.59,1.2182
57126,2024-11-30T05:20:42Z,8.756,1.1416
57126,2024-11-30T05:30:42Z,8.923,0.9197
57126,2024-11-30T05:40:42Z,9.09,0.6791
57126,2024-11-30T05:50:42Z,9.256,0.5633
57126,2024-11-30T06:00:42Z,9.423,0.587
57126,2024-11-30T06:10:42Z,9.59,0.6858
57126,2024-11-30T06:20:42Z,9.756,0.8914
57126,2024-11-30T06:30:42Z,9.923,1.157
57126,2024-11-30T06:40:42Z,10.09,1.3573
57126,2024-11-30T06:50:42Z,10.256,1.3788
57126,2024-11-30T07:00:42Z,10.423,1.2013
57126,2024-11-30T07:10:42Z,10.59,0.8822
57126,2024-11-30T07:20:42Z,10.756,0.5578
57126,2024-11-30T07:30:42Z,10.923,0.4038
57126,2024-11-30T07:40:42Z,11.09,0.5246
57126,2024-11-30T07:50:42Z,11.256,0.7949
57126,2024-11-30T08:00:42Z,11.423,1.1301
57126,2024-11-30T08:10:42Z,11.59,1.4257
57126,2024-11-30T08:20:42Z,11.756,1.5677
57126,2024-11-30T08:30:42Z,11.923,1.4892
57249,2024-11-26T06:00:42Z,2.874,24.5742
57249,2024-11-26T06:10:42Z,3.041,23.7945
57249,2024-11-26T06:20:42Z,3.208,23.5153
57249,2024-11-26T06:30:42Z,3.374,23.9292
57249,2024-11-26T06:40:42Z,3.541,24.9324
57249,2024-11-26T06:50:42Z,3.708,26.1921
57249,2024-11-26T07:00:42Z,3.874,27.23
57249,2024-11-26T07:10:42Z,4.041,27.6917
57249,2024-11-26T07:20:42Z,4.208,27.4806
57249,2024-11-26T07:30:42Z,4.374,26.7462
57249,2024-11-26T07:40:42Z,4.541,25.8319
57249,2024-11-26T07:50:42Z,4.708,25.1571
57249,2024-11-26T08:00:42Z,4.874,25.0709
57249,2024-11-26T08:10:42Z,5.041,25.6918
57249,2024-11-26T08:20:42Z,5.208,26.8351
57249,2024-11-26T08:30:42Z,5.374,28.1085
57249,2024-11-26T08:40:42Z,5.541,29.0445
57249,2024-11-26T08:50:42Z,5.708,29.3326
57249,2024-11-26T09:00:42Z,5.874,28.95
57249,2024-11-26T09:10:42Z,6.041,28.1247
57249,2024-11-26T09:20:42Z,6.208,27.2748
57249,2024-11-26T09:30:42Z,6.374,26.8243
57249,2024-11-26T09:40:42Z,6.541,27.0418
57249,2024-11-26T09:50:42Z,6.708,27.9307
57249,2024-11-26T10:00:42Z,6.874,29.2041
57249,2024-11-26T10:10:42Z,7.041,30.4118
57249,2024-11-26T10:20:42Z,7.208,31.1262
57249,2024-11-26T10:30:42Z,7.374,31.1436
57249,2024-11-26T10:40:42Z,7.541,30.5687
57249,2024-11-26T10:50:42Z,7.708,29.7226
57249,2024-11-26T11:00:42Z,7.874,29.0537
57249,2024-11-26T11:10:42Z,8.041,28.9192
57249,2024-11-26T11:20:42Z,8.208,29.4495
57249,2024-11-26T11:30:42Z,8.374,30.5188
57249,2024-11-26T11:40:42Z,8.541,31.7602
57249,2024-11-26T11:50:42Z,8.708,32.7216
57249,2024-11-26T12:00:42Z,8.874,33.0667
57249,2024-11-26T12:10:42Z,9.041,32.7268
57249,2024-11-26T12:20:42Z,9.208,31.9385
57249,2024-11-26T12:30:42Z,9.374,31.1032
57249,2024-11-26T12:40:42Z,9.541,30.6841
57249,2024-11-26T12:50:42Z,9.708,30.951
57249,2024-11-26T13:00:42Z,9.874,31.8626
57249,2024-11-26T13:10:42Z,10.041,33.121
57249,2024-11-26T13:20:42Z,10.208,34.2713
57249,2024-11-26T13:30:42Z,10.374,34.8964
57249,2024-11-26T13:40:42Z,10.541,34.7843
57249,2024-11-26T13:50:42Z,10.708,34.0411
57249,2024-11-26T14:00:42Z,10.874,33.0489
57249,2024-11-26T14:10:42Z,11.041,32.2878
57249,2024-11-26T14:20:42Z,11.208,32.2061
57249,2024-11-26T14:30:42Z,11.374,32.9495
57249,2024-11-26T14:40:42Z,11.541,34.285
57249,2024-11-26T14:50:42Z,11.708,35.7319
57249,2024-11-26T15:00:42Z,11.874,36.7611
57249,2024-11-28T04:40:42Z,0.082,0.2783
57249,2024-11-28T04:50:42Z,0.249,0.3841
57249,2024-11-28T05:00:42Z,0.415,0.7083
57249,2024-11-28T05:10:42Z,0.582,0.7728
57249,2024-11-28T05:20:42Z,0.749,0.5681
57249,2024-11-28T05:30:42Z,0.915,0.295
57249,2024-11-28T05:40:42Z,1.082,0.4054
57249,2024-11-28T05:50:42Z,1.249,0.6552
57249,2024-11-28T06:00:42Z,1.415,0.864
57249,2024-11-28T06:10:42Z,1.582,1.051
57249,2024-11-28T06:20:42Z,1.749,1.2323
57249,2024-11-28T06:30:42Z,1.915,1.3628
57249,2024-11-28T06:40:42Z,2.082,1.3238
57249,2024-11-28T06:50:42Z,2.249,1.0566
57249,2024-11-28T07:00:42Z,2.415,0.6139
57249,2024-11-28T07:10:42Z,2.582,0.1571
57249,2024-11-28T07:20:42Z,2.749,0.3643
57249,2024-11-28T07:30:42Z,2.915,0.7133
57249,2024-11-28T07:40:42Z,3.082,1.0664
57249,2024-11-28T07:50:42Z,3.249,1.3946
57249,2024-11-28T08:00:42Z,3.415,1.6141
57249,2024-11-28T08:10:42Z,3.582,1.6325
57249,2024-11-28T08:20:42Z,3.749,1.4065
57249,2024-11-28T08:30:42Z,3.915,0.982
57249,2024-11-28T08:40:42Z,4.082,0.5018
57249,2024-11-28T08:50:42Z,4.249,0.1977
57249,2024-11-28T09:00:42Z,4.415,0.4099
57249,2024-11-28T09:10:42Z,4.582,0.7629
57249,2024-11-28T09:20:42Z,4.749,1.1462
57249,2024-11-28T09:30:42Z,4.915,1.4653
57249,2024-11-28T09:40:42Z,5.082,1.6042
57249,2024-11-28T09:50:42Z,5.249,1.4868
57249,2024-11-28T10:00:42Z,5.415,1.138
57249,2024-11-28T10:10:42Z,5.582,0.6679
57249,2024-11-28T10:20:42Z,5.749,0.2857
57249,2024-11-28T10:30:42Z,5.915,0.2781
57249,2024-11-28T10:40:42Z,6.082,0.4528
57249,2024-11-28T10:50:42Z,6.249,0.7354
57249,2024-11-28T11:00:42Z,6.415,1.0381
57249,2024-11-28T11:10:42Z,6.582,1.2498
57249,2024-11-28T11:20:42Z,6.749,1.2658
57249,2024-11-28T11:30:42Z,6.915,1.0578
57249,2024-11-28T11:40:42Z,7.082,0.704
57249,2024-11-28T11:50:42Z,7.249,0.3505
57249,2024-11-28T12:00:42Z,7.415,0.3134
57249,2024-11-28T12:10:42Z,7.582,0.5226
57249,2024-11-28T12:20:42Z,7.749,0.7729
57249,2024-11-28T12:30:42Z,7.915,1.0631
57249,2024-11-28T12:40:42Z,8.082,1.2393
57249,2024-11-28T12:50:42Z,8.249,1.2402
57249,2024-11-28T13:00:42Z,8.415,1.0287
57249,2024-11-28T13:10:42Z,8.582,0.6651
57249,2024-11-28T13:20:42Z,8.749,0.2966
57249,2024-11-28T13:30:42Z,8.915,0.1614
57249,2024-11-28T13:40:42Z,9.082,0.3355
57249,2024-11-28T13:50:42Z,9.249,0.577
57249,2024-11-28T14:00:42Z,9.415,0.8604
57249,2024-11-28T14:10:42Z,9.582,1.0944
57249,2024-11-28T14:20:42Z,9.749,1.1112
57249,2024-11-28T14:30:42Z,9.915,0.9159
57249,2024-11-28T14:40:42Z,10.082,0.5884
57249,2024-11-28T14:50:42Z,10.249,0.369
57249,2024-11-28T15:00:42Z,10.415,0.4687
57249,2024-11-28T15:10:42Z,10.582,0.564
57249,2024-11-28T15:20:42Z,10.749,0.5191
57249,2024-11-28T15:30:42Z,10.915,0.4744
57249,2024-11-28T15:40:42Z,11.082,0.5977
57249,2024-11-28T15:50:42Z,11.249,0.7899
57249,2024-11-28T16:00:42Z,11.415,0.8468
57249,2024-11-28T16:10:42Z,11.582,0.7318
57249,2024-11-28T16:20:42Z,11.749,0.4744
57249,2024-11-28T16:30:42Z,11.915,0.3197
57249,2024-11-29T04:40:42Z,0.15,2.3898
57249,2024-11-29T04:50:42Z,0.317,2.8298
57249,2024-11-29T05:00:42Z,0.483,2.7889
57249,2024-11-29T05:10:42Z,0.65,2.2394
57249,2024-11-29T05:20:42Z,0.817,1.3632
57249,2024-11-29T05:30:42Z,0.983,0.5362
57249,2024-11-29T05:40:42Z,1.15,0.7097
57249,2024-11-29T05:50:42Z,1.317,1.4617
57249,2024-11-29T06:00:42Z,1.483,2.3637
57249,2024-11-29T06:10:42Z,1.65,3.2972
57249,2024-11-29T06:20:42Z,1.817,3.9989
57249,2024-11-29T06:30:42Z,1.983,4.2113
57249,2024-11-29T06:40:42Z,2.15,3.8027
57249,2024-11-29T06:50:42Z,2.317,2.9109
57249,2024-11-29T07:00:42Z,2.483,1.8607
57249,2024-11-29T07:10:42Z,2.65,1.1796
57249,2024-11-29T07:20:42Z,2.817,1.4573
57249,2024-11-29T07:30:42Z,2.983,2.3407
57249,2024-11-29T07:40:42Z,3.15,3.4064
57249,2024-11-29T07:50:42Z,3.317,4.3566
57249,2024-11-29T08:00:42Z,3.483,4.8852
57249,2024-11-29T08:10:42Z,3.65,4.7915
57249,2024-11-29T08:20:42Z,3.817,4.0829
57249,2024-11-29T08:30:42Z,3.983,3.0223
57249,2024-11-29T08:40:42Z,4.15,2.0393
57249,2024-11-29T08:50:42Z,4.317,1.6664
57249,2024-11-29T09:00:42Z,4.483,2.1543
57249,2024-11-29T09:10:42Z,4.65,3.1314
57249,2024-11-29T09:20:42Z,4.817,4.1986
57249,2024-11-29T09:30:42Z,4.983,5.0201
57249,2024-11-29T09:40:42Z,5.15,5.3032
57249,2024-11-29T09:50:42Z,5.317,4.9367
57249,2024-11-29T10:00:42Z,5.483,4.0519
57249,2024-11-29T10:10:42Z,5.65,3.0017
57249,2024-11-29T10:20:42Z,5.817,2.2757
57249,2024-11-29T10:30:42Z,5.983,2.2796
57249,2024-11-29T10:40:42Z,6.15,2.9586
57249,2024-11-29T10:50:42Z,6.317,3.9531
57249,2024-11-29T11:00:42Z,6.483,4.881
57249,2024-11-29T11:10:42Z,6.65,5.4365
57249,2024-11-29T11:20:42Z,6.817,5.4082
57249,2024-11-29T11:30:42Z,6.983,4.8106
57249,2024-11-29T11:40:42Z,7.15,3.89
57249,2024-11-29T11:50:42Z,7.317,3.0704
57249,2024-11-29T12:00:42Z,7.483,2.8196
57249,2024-11-29T12:10:42Z,7.65,3.2753
57249,2024-11-29T12:20:42Z,7.817,4.1746
57249,2024-11-29T12:30:42Z,0.006,1.3008
57249,2024-11-29T12:40:42Z,0.173,1.0969
57249,2024-11-29T12:50:42Z,0.339,0.8977
57249,2024-11-29T13:00:42Z,0.506,0.7958
57249,2024-11-29T13:10:42Z,0.673,0.8413
57249,2024-11-29T13:20:42Z,0.839,0.9938
57249,2024-11-29T13:30:42Z,1.006,1.1634
57249,2024-11-29T13:40:42Z,1.173,1.2976
57249,2024-11-29T13:50:42Z,1.339,1.3499
57249,2024-11-29T14:00:42Z,1.506,1.2878
57249,2024-11-29T14:10:42Z,1.673,1.1693
57249,2024-11-29T14:20:42Z,1.839,1.0673
57249,2024-11-29T14:30:42Z,2.006,1.0082
57249,2024-11-29T14:40:42Z,2.173,1.0281
57249,2024-11-29T14:50:42Z,2.339,1.1091
57249,2024-11-29T15:00:42Z,2.506,1.2041
57249,2024-11-29T15:10:42Z,2.673,1.2566
57249,2024-11-29T15:20:42Z,2.839,1.2641
57249,2024-11-29T15:30:42Z,3.006,1.253
57249,2024-11-29T15:40:42Z,3.173,1.2181
57249,2024-11-29T15:50:42Z,3.339,1.1431
57249,2024-11-29T16:00:42Z,3.506,1.0156
57249,2024-11-29T16:10:42Z,3.673,0.8202
57249,2024-11-29T16:20:42Z,3.839,0.6586
57249,2024-11-29T16:30:42Z,4.006,0.6457
57249,2024-11-29T16:40:42Z,4.173,0.7151
57249,2024-11-29T16:50:42Z,4.339,0.7632
57249,2024-11-29T17:00:42Z,4.506,0.7765
57249,2024-11-29T17:10:42Z,4.673,0.815
57249,2024-11-29T17:20:42Z,4.839,0.8505
57249,2024-11-29T17:30:42Z,5.006,0.7839
57249,2024-11-29T17:40:42Z,5.173,0.6063
57249,2024-11-29T17:50:42Z,5.339,0.3732
57249,2024-11-29T18:00:42Z,5.506,0.244
57249,2024-11-29T18:10:42Z,5.673,0.32
57249,2024-11-29T18:20:42Z,5.839,0.4373
57249,2024-11-29T18:30:42Z,6.006,0.5729
57249,2024-11-29T18:40:42Z,6.173,0.7258
57249,2024-11-29T18:50:42Z,6.339,0.8591
57249,2024-11-29T19:00:42Z,6.506,0.8792
57249,2024-11-29T19:10:42Z,6.673,0.7401
57249,2024-11-29T19:20:42Z,6.839,0.5227
57249,2024-11-29T19:30:42Z,7.006,0.3468
57249,2024-11-29T19:40:42Z,7.173,0.307
57249,2024-11-29T19:50:42Z,7.339,0.3794
57249,2024-11-29T20:00:42Z,7.506,0.5176
57249,2024-11-29T20:10:42Z,7.673,0.7142
57249,2024-11-29T20:20:42Z,7.839,0.8981
57249,2024-11-29T20:30:42Z,8.006,0.9996
57249,2024-11-29T20:40:42Z,8.173,0.961
57249,2024-11-29T20:50:42Z,8.339,0.8045
57249,2024-11-29T21:00:42Z,8.506,0.6379
57249,2024-11-29T21:10:42Z,8.673,0.5703
57249,2024-11-29T21:20:42Z,8.839,0.6095
57249,2024-11-29T21:30:42Z,9.006,0.7614
57249,2024-11-29T21:40:42Z,9.173,1.0031
57249,2024-11-29T21:50:42Z,9.339,1.2649
57249,2024-11-29T22:00:42Z,9.506,1.4421
57249,2024-11-29T22:10:42Z,9.673,1.4959
57249,2024-11-29T22:20:42Z,9.839,1.4358
57249,2024-11-29T22:30:42Z,10.006,1.3199
57249,2024-11-29T22:40:42Z,10.173,1.2247
57249,2024-11-29T22:50:42Z,10.339,1.2272
57249,2024-11-29T23:00:42Z,10.506,1.3545
57249,2024-11-29T23:10:42Z,10.673,1.6345
57249,2024-11-29T23:20:42Z,10.839,2.0012
57249,2024-11-29T23:30:42Z,11.006,2.3417
57249,2024-11-29T23:40:42Z,11.173,2.5448
57249,2024-11-29T23:50:42Z,11.339,2.577
57249,2024-11-30T00:00:42Z,11.506,2.4767
57249,2024-11-30T00:10:42Z,11.673,2.3122
57249,2024-11-30T00:20:42Z,11.839,2.1929
60150,2024-11-26T07:20:42Z,0.144,2.7252
60150,2024-11-26T07:30:42Z,0.311,2.6209
60150,2024-11-26T07:40:42Z,0.477,2.6259
60150,2024-11-26T07:50:42Z,0.644,2.7136
60150,2024-11-26T08:00:42Z,0.811,2.82
60150,2024-11-26T08:10:42Z,0.977,2.8703
60150,2024-11-26T08:20:42Z,1.144,2.8376
60150,2024-11-26T08:30:42Z,1.311,2.7368
60150,2024-11-26T08:40:42Z,1.477,2.6238
60150,2024-11-26T08:50:42Z,1.644,2.6016
60150,2024-11-26T09:00:42Z,1.811,2.6559
60150,2024-11-26T09:10:42Z,1.977,2.7877
60150,2024-11-26T09:20:42Z,2.144,2.9467
60150,2024-11-26T09:30:42Z,2.311,3.0597
60150,2024-11-26T09:40:42Z,2.477,3.0485
60150,2024-11-26T09:50:42Z,2.644,2.9023
60150,2024-11-26T10:00:42Z,2.811,2.7019
60150,2024-11-26T10:10:42Z,2.977,2.5521
60150,2024-11-26T10:20:42Z,3.144,2.5826
60150,2024-11-26T10:30:42Z,3.311,2.856
60150,2024-11-26T10:40:42Z,3.477,3.2802
60150,2024-11-26T10:50:42Z,3.644,3.7134
60150,2024-11-26T11:00:42Z,3.811,4.009
60150,2024-11-26T11:10:42Z,3.977,4.1083
60150,2024-11-26T11:20:42Z,4.144,4.6779
60150,2024-11-26T11:30:42Z,4.311,4.573
60150,2024-11-26T11:40:42Z,4.477,4.3915
60150,2024-11-26T11:50:42Z,4.644,4.2943
60150,2024-11-26T12:00:42Z,4.811,4.45
60150,2024-11-26T12:10:42Z,4.977,4.8772
60150,2024-11-26T12:20:42Z,5.144,5.4637
60150,2024-11-26T12:30:42Z,5.311,6.0379
60150,2024-11-26T12:40:42Z,5.477,6.4392
60150,2024-11-26T12:50:42Z,5.644,6.5742
60150,2024-11-26T13:00:42Z,5.811,6.5063
60150,2024-11-26T13:10:42Z,5.977,6.2758
60150,2024-11-26T13:20:42Z,6.144,5.8872
60150,2024-11-26T13:30:42Z,6.311,5.4272
60150,2024-11-26T13:40:42Z,6.477,5.033
60150,2024-11-26T13:50:42Z,6.644,4.8075
60150,2024-11-26T14:00:42Z,6.811,4.7764
60150,2024-11-26T14:10:42Z,6.977,4.902
60150,2024-11-26T14:20:42Z,7.144,5.0781
60150,2024-11-26T14:30:42Z,7.311,5.1831
60150,2024-11-26T14:40:42Z,7.477,5.1452
60150,2024-11-26T14:50:42Z,7.644,4.9572
60150,2024-11-26T15:00:42Z,7.811,4.6542
60150,2024-11-26T15:10:42Z,7.977,4.3157
60150,2024-11-26T15:20:42Z,8.144,4.0561
60150,2024-11-26T15:30:42Z,8.311,3.9735
60150,2024-11-26T15:40:42Z,8.477,4.048
60150,2024-11-26T15:50:42Z,8.644,4.2293
60150,2024-11-26T16:00:42Z,8.811,4.4183
60150,2024-11-26T16:10:42Z,8.977,4.5344
60150,2024-11-26T16:20:42Z,9.144,4.5191
60150,2024-11-26T16:30:42Z,9.311,4.3696
60150,2024-11-26T16:40:42Z,9.477,4.1285
60150,2024-11-26T16:50:42Z,9.644,3.8924
60150,2024-11-26T17:00:42Z,9.811,3.7727
60150,2024-11-26T17:10:42Z,9.977,3.8291
60150,2024-11-26T17:20:42Z,10.144,4.0051
60150,2024-11-26T17:30:42Z,10.311,4.2111
60150,2024-11-26T17:40:42Z,10.477,4.3627
60150,2024-11-26T17:50:42Z,10.644,4.4255
60150,2024-11-26T18:00:42Z,10.811,4.363
60150,2024-11-26T18:10:42Z,10.977,4.2073
60150,2024-11-26T18:20:42Z,11.144,4.0436
60150,2024-11-26T18:30:42Z,11.311,3.9767
60150,2024-11-26T18:40:42Z,11.477,4.0756
60150,2024-11-26T18:50:42Z,11.644,4.3295
60150,2024-11-26T19:00:42Z,11.811,4.6565
60150,2024-11-26T19:10:42Z,11.977,4.9696
60150,2024-11-27T23:50:42Z,0.137,0.4462
60150,2024-11-28T00:00:42Z,0.304,0.4883
60150,2024-11-28T00:10:42Z,0.471,0.4707
60150,2024-11-28T00:20:42Z,0.637,0.2763
60150,2024-11-28T00:30:42Z,0.804,0.2487
60150,2024-11-28T00:40:42Z,0.971,0.4383
60150,2024-11-28T00:50:42Z,1.137,0.4788
60150,2024-11-28T01:00:42Z,1.304,0.3823
60150,2024-11-28T01:10:42Z,1.471,0.4104
60150,2024-11-28T01:20:42Z,1.637,0.6971
60150,2024-11-28T01:30:42Z,1.804,0.818
60150,2024-11-28T01:40:42Z,1.971,0.7057
60150,2024-11-28T01:50:42Z,2.137,0.7777
60150,2024-11-28T02:00:42Z,2.304,1.3593
60150,2024-11-28T02:10:42Z,2.471,1.9802
60150,2024-11-28T02:20:42Z,2.637,2.2709
60150,2024-11-28T02:30:42Z,2.804,2.1545
60150,2024-11-28T02:40:42Z,2.971,1.719
60150,2024-11-28T02:50:42Z,3.137,1.2022
60150,2024-11-28T03:00:42Z,3.304,0.9169
60150,2024-11-28T03:10:42Z,3.471,1.1572
60150,2024-11-28T03:20:42Z,3.637,1.3282
60150,2024-11-28T03:30:42Z,3.804,2.0685
60150,2024-11-28T03:40:42Z,3.971,2.716
60150,2024-11-28T03:50:42Z,4.137,3.047
60150,2024-11-28T04:00:42Z,4.304,2.9635
60150,2024-11-28T04:10:42Z,4.471,2.5277
60150,2024-11-28T04:20:42Z,4.637,1.9124
60150,2024-11-28T04:30:42Z,4.804,1.424
60150,2024-11-28T04:40:42Z,4.971,1.3562
60150,2024-11-28T04:50:42Z,5.137,1.7931
60150,2024-11-28T05:00:42Z,5.304,2.5026
60150,2024-11-28T05:10:42Z,5.471,3.205
60150,2024-11-28T05:20:42Z,5.637,3.6393
60150,2024-11-28T05:30:42Z,5.804,3.6285
60150,2024-11-28T05:40:42Z,5.971,3.1929
60150,2024-11-28T05:50:42Z,6.137,2.4758
60150,2024-11-28T06:00:42Z,6.304,1.7706
60150,2024-11-28T06:10:42Z,6.471,1.4578
60150,2024-11-28T06:20:42Z,6.637,1.7652
60150,2024-11-28T06:30:42Z,6.804,2.5133
60150,2024-11-28T06:40:42Z,6.971,3.3687
60150,2024-11-28T06:50:42Z,7.137,4.0187
60150,2024-11-28T07:00:42Z,7.304,4.226
60150,2024-11-28T07:10:42Z,7.471,3.917
60150,2024-11-28T07:20:42Z,7.637,3.2289
60150,2024-11-28T07:30:42Z,7.804,2.3727
60150,2024-11-28T07:40:42Z,7.971,1.7367
60150,2024-11-28T07:50:42Z,8.137,1.6859
60150,2024-11-28T08:00:42Z,8.304,2.2718
60150,2024-11-28T08:10:42Z,8.471,3.1588
60150,2024-11-28T08:20:42Z,8.637,4.0108
60150,2024-11-28T08:30:42Z,8.804,4.5405
60150,2024-11-28T08:40:42Z,8.971,4.559
60150,2024-11-28T08:50:42Z,9.137,4.0656
60150,2024-11-28T09:00:42Z,9.304,3.235
60150,2024-11-28T09:10:42Z,9.471,2.3248
60150,2024-11-28T09:20:42Z,9.637,1.7348
60150,2024-11-28T09:30:42Z,9.804,1.7956
60150,2024-11-28T09:40:42Z,9.971,2.4519
60150,2024-11-28T09:50:42Z,10.137,3.2864
60150,2024-11-28T10:00:42Z,10.304,3.9352
60150,2024-11-28T10:10:42Z,10.471,4.1529
60150,2024-11-28T10:20:42Z,10.637,3.8351
60150,2024-11-28T10:30:42Z,10.804,3.0939
60150,2024-11-28T10:40:42Z,10.971,2.1593
60150,2024-11-28T10:50:42Z,11.137,1.3423
60150,2024-11-28T11:00:42Z,11.304,1.0413
60150,2024-11-28T11:10:42Z,11.471,1.4828
60150,2024-11-28T11:20:42Z,11.637,2.3003
60150,2024-11-28T11:30:42Z,11.804,3.0801
60150,2024-11-28T11:40:42Z,11.971,3.5219
60150,2024-11-28T23:10:42Z,0.101,3.538
60150,2024-11-28T23:20:42Z,0.268,3.6547
60150,2024-11-28T23:30:42Z,0.435,3.7902
60150,2024-11-28T23:40:42Z,0.601,3.9186
60150,2024-11-28T23:50:42Z,0.768,4.0471
60150,2024-11-29T00:00:42Z,0.935,4.1614
60150,2024-11-29T00:10:42Z,1.101,4.1886
60150,2024-11-29T00:20:42Z,1.268,4.0996
60150,2024-11-29T00:30:42Z,1.435,3.9525
60150,2024-11-29T00:40:42Z,1.601,3.8933
60150,2024-11-29T00:50:42Z,1.768,3.9578
60150,2024-11-29T01:00:42Z,1.935,3.9624
60150,2024-11-29T01:10:42Z,2.101,3.792
60150,2024-11-29T01:20:42Z,2.268,3.386
60150,2024-11-29T01:30:42Z,2.435,2.8168
60150,2024-11-29T01:40:42Z,2.601,2.2368
60150,2024-11-29T01:50:42Z,2.768,1.7505
60150,2024-11-29T02:00:42Z,2.935,1.4548
60150,2024-11-29T02:10:42Z,3.101,1.3608
60150,2024-11-29T02:20:42Z,3.268,1.3783
60150,2024-11-29T02:30:42Z,3.435,1.382
60150,2024-11-29T02:40:42Z,3.601,1.2887
60150,2024-11-29T02:50:42Z,3.768,1.0513
60150,2024-11-29T03:00:42Z,3.935,0.7032
60150,2024-11-29T03:10:42Z,4.101,0.4084
60150,2024-11-29T03:20:42Z,4.268,0.3798
60150,2024-11-29T03:30:42Z,4.435,0.5026
60150,2024-11-29T03:40:42Z,4.601,0.5215
60150,2024-11-29T03:50:42Z,4.768,0.4498
60150,2024-11-29T04:00:42Z,4.935,0.3792
60150,2024-11-29T04:10:42Z,5.101,0.4153
60150,2024-11-29T04:20:42Z,5.268,0.6231
60150,2024-11-29T04:30:42Z,5.435,0.9562
60150,2024-11-29T04:40:42Z,5.601,1.3354
60150,2024-11-29T04:50:42Z,5.768,1.6418
60150,2024-11-29T05:00:42Z,5.935,1.7984
60150,2024-11-29T05:10:42Z,6.101,1.7723
60150,2024-11-29T05:20:42Z,6.268,1.598
60150,2024-11-29T05:30:42Z,6.435,1.4383
60150,2024-11-29T05:40:42Z,6.601,1.4251
60150,2024-11-29T05:50:42Z,6.768,1.6386
60150,2024-11-29T06:00:42Z,6.935,2.0395
60150,2024-11-29T06:10:42Z,7.101,2.5072
60150,2024-11-29T06:20:42Z,7.268,2.8966
60150,2024-11-29T06:30:42Z,7.435,3.0896
60150,2024-11-29T06:40:42Z,7.601,3.0644
60150,2024-11-29T06:50:42Z,7.768,2.8262
60150,2024-11-29T07:00:42Z,7.935,2.5234
60150,2024-11-29T07:10:42Z,8.101,2.3489
60150,2024-11-29T07:20:42Z,8.268,2.4397
60150,2024-11-29T07:30:42Z,8.435,2.8138
60150,2024-11-29T07:40:42Z,8.601,3.3668
60150,2024-11-29T07:50:42Z,8.768,3.9416
60150,2024-11-29T08:00:42Z,8.935,4.363
60150,2024-11-29T08:10:42Z,9.101,4.5049
60150,2024-11-29T08:20:42Z,9.268,4.3462
60150,2024-11-29T08:30:42Z,0.087,2.6995
60150,2024-11-29T08:40:42Z,0.254,1.8399
60150,2024-11-29T08:50:42Z,0.42,0.9594
60150,2024-11-29T09:00:42Z,0.587,0.4239
60150,2024-11-29T09:10:42Z,0.754,0.7656
60150,2024-11-29T09:20:42Z,0.92,1.5866
60150,2024-11-29T09:30:42Z,1.087,2.5476
60150,2024-11-29T09:40:42Z,1.254,3.2947
60150,2024-11-29T09:50:42Z,1.42,3.5421
60150,2024-11-29T10:00:42Z,1.587,3.1814
60150,2024-11-29T10:10:42Z,1.754,2.3184
60150,2024-11-29T10:20:42Z,1.92,1.3018
60150,2024-11-29T10:30:42Z,2.087,0.4678
60150,2024-11-29T10:40:42Z,2.254,0.3428
60150,2024-11-29T10:50:42Z,2.42,1.0668
60150,2024-11-29T11:00:42Z,2.587,2.0042
60150,2024-11-29T11:10:42Z,2.754,2.8762
60150,2024-11-29T11:20:42Z,2.92,3.3403
60150,2024-11-29T11:30:42Z,3.087,3.2226
60150,2024-11-29T11:40:42Z,3.254,2.5638
60150,2024-11-29T11:50:42Z,3.42,1.621
60150,2024-11-29T12:00:42Z,3.587,0.756
60150,2024-11-29T12:10:42Z,3.754,0.3739
60150,2024-11-29T12:20:42Z,3.92,1.0197
60150,2024-11-29T12:30:42Z,4.087,1.9743
60150,2024-11-29T12:40:42Z,4.254,3.0151
60150,2024-11-29T12:50:42Z,4.42,3.8426
60150,2024-11-29T13:00:42Z,4.587,4.2104
60150,2024-11-29T13:10:42Z,4.754,4.0549
60150,2024-11-29T13:20:42Z,4.92,3.4799
60150,2024-11-29T13:30:42Z,5.087,2.7791
60150,2024-11-29T13:40:42Z,5.254,2.3856
60150,2024-11-29T13:50:42Z,5.42,2.6311
60150,2024-11-29T14:00:42Z,5.587,3.4297
60150,2024-11-29T14:10:42Z,5.754,4.4391
60150,2024-11-29T14:20:42Z,5.92,5.2992
60150,2024-11-29T14:30:42Z,6.087,5.7337
60150,2024-11-29T14:40:42Z,6.254,5.6248
60150,2024-11-29T14:50:42Z,6.42,5.05
60150,2024-11-29T15:00:42Z,6.587,4.2821
60150,2024-11-29T15:10:42Z,6.754,3.6978
60150,2024-11-29T15:20:42Z,6.92,3.68
60150,2024-11-29T15:30:42Z,7.087,4.2805
60150,2024-11-29T15:40:42Z,7.254,5.2431
60150,2024-11-29T15:50:42Z,7.42,6.1817
60150,2024-11-29T16:00:42Z,7.587,6.7606
60150,2024-11-29T16:10:42Z,7.754,6.7899
60150,2024-11-29T16:20:42Z,7.92,6.2803
60150,2024-11-29T16:30:42Z,8.087,5.4586
60150,2024-11-29T16:40:42Z,8.254,4.7017
60150,2024-11-29T16:50:42Z,8.42,4.3692
60150,2024-11-29T17:00:42Z,8.587,4.6586
60150,2024-11-29T17:10:42Z,8.754,5.4373
60150,2024-11-29T17:20:42Z,8.92,6.377
60150,2024-11-29T17:30:42Z,9.087,7.0785
60150,2024-11-29T17:40:42Z,9.254,7.2813
60150,2024-11-29T17:50:42Z,9.42,6.908
60150,2024-11-29T18:00:42Z,9.587,6.109
60150,2024-11-29T18:10:42Z,9.754,5.2248
60150,2024-11-29T18:20:42Z,9.92,4.6453
60150,2024-11-29T18:30:42Z,10.087,4.61
60150,2024-11-29T18:40:42Z,10.254,5.1073
60150,2024-11-29T18:50:42Z,10.42,5.874
60150,2024-11-29T19:00:42Z,10.587,6.5455
60150,2024-11-29T19:10:42Z,10.754,6.8124
60150,2024-11-29T19:20:42Z,10.92,6.558
60150,2024-11-29T19:30:42Z,11.087,5.8534
60150,2024-11-29T19:40:42Z,11.254,4.9663
60150,2024-11-29T19:50:42Z,11.42,4.2805
60150,2024-11-29T20:00:42Z,11.587,4.0898
60150,2024-11-29T20:10:42Z,11.754,4.4332
60150,2024-11-29T20:20:42Z,11.92,5.1079
60150,2024-11-30T15:40:42Z,0.095,4.921
60150,2024-11-30T15:50:42Z,0.261,5.0646
60150,2024-11-30T16:00:42Z,0.428,5.2252
60150,2024-11-30T16:10:42Z,0.595,5.3511
60150,2024-11-30T16:20:42Z,0.761,5.4151
60150,2024-11-30T16:30:42Z,0.928,5.4043
60150,2024-11-30T16:40:42Z,1.095,5.3314
60150,2024-11-30T16:50:42Z,1.261,5.2588
61866,2024-11-26T06:00:42Z,8.011,0.5687
61866,2024-11-26T06:10:42Z,8.178,0.5794
61866,2024-11-26T06:20:42Z,8.344,0.4886
61866,2024-11-26T06:30:42Z,8.511,0.3069
61866,2024-11-26T06:40:42Z,8.678,0.3031
61866,2024-11-26T06:50:42Z,8.844,0.3196
61866,2024-11-26T07:00:42Z,9.011,0.2694
61866,2024-11-26T07:10:42Z,9.178,0.4728
61866,2024-11-26T07:20:42Z,9.344,0.713
61866,2024-11-26T07:30:42Z,9.511,0.7329
61866,2024-11-26T07:40:42Z,9.678,0.5507
61866,2024-11-26T07:50:42Z,9.844,0.3075
61866,2024-11-26T08:00:42Z,10.011,0.2814
61866,2024-11-26T08:10:42Z,10.178,0.4079
61866,2024-11-26T08:20:42Z,10.344,0.525
61866,2024-11-26T08:30:42Z,10.511,0.5008
61866,2024-11-26T08:40:42Z,10.678,0.3568
61866,2024-11-26T08:50:42Z,10.844,0.2843
61866,2024-11-26T09:00:42Z,11.011,0.4689
61866,2024-11-26T09:10:42Z,11.178,0.4993
61866,2024-11-26T09:20:42Z,11.344,0.3867
61866,2024-11-26T09:30:42Z,11.511,0.5411
61866,2024-11-26T09:40:42Z,11.678,0.7211
61866,2024-11-26T09:50:42Z,11.844,0.6804
61866,2024-11-26T22:00:42Z,0.011,0.7614
61866,2024-11-26T22:10:42Z,0.178,0.8101
61866,2024-11-26T22:20:42Z,0.345,0.6158
61866,2024-11-26T22:30:42Z,0.511,0.3778
61866,2024-11-26T22:40:42Z,0.678,0.3018
61866,2024-11-26T22:50:42Z,0.845,0.325
61866,2024-11-26T23:00:42Z,1.011,0.3639
61866,2024-11-26T23:10:42Z,1.178,0.3867
61866,2024-11-26T23:20:42Z,1.345,0.4716
61866,2024-11-26T23:30:42Z,1.511,0.5936
61866,2024-11-26T23:40:42Z,1.678,0.6526
61866,2024-11-26T23:50:42Z,1.845,0.5649
61866,2024-11-27T00:00:42Z,2.011,0.4771
61866,2024-11-27T00:10:42Z,2.178,0.7902
61866,2024-11-27T00:20:42Z,2.345,0.9628
61866,2024-11-27T00:30:42Z,2.511,0.8764
61866,2024-11-27T00:40:42Z,2.678,0.5545
61866,2024-11-27T00:50:42Z,2.845,0.3434
61866,2024-11-27T01:00:42Z,3.011,0.3365
61866,2024-11-27T01:10:42Z,3.178,0.2577
61866,2024-11-27T01:20:42Z,3.345,0.2873
61866,2024-11-27T01:30:42Z,3.511,0.5277
61866,2024-11-27T01:40:42Z,3.678,0.7473
61866,2024-11-27T01:50:42Z,3.845,0.8638
61866,2024-11-27T02:00:42Z,4.011,0.8717
61866,2024-11-27T02:10:42Z,4.178,0.7007
61866,2024-11-27T02:20:42Z,4.345,0.368
61866,2024-11-27T02:30:42Z,4.511,0.1626
61866,2024-11-27T02:40:42Z,4.678,0.269
61866,2024-11-27T02:50:42Z,4.845,0.3496
61866,2024-11-27T03:00:42Z,5.011,0.4424
61866,2024-11-27T03:10:42Z,5.178,0.4997
61866,2024-11-27T03:20:42Z,5.345,0.3987
61866,2024-11-27T03:30:42Z,5.511,0.3409
61866,2024-11-27T03:40:42Z,5.678,0.4176
61866,2024-11-27T03:50:42Z,5.845,0.4072
61866,2024-11-27T04:00:42Z,6.011,0.2787
61866,2024-11-27T04:10:42Z,6.178,0.1699
61866,2024-11-27T04:20:42Z,6.345,0.231
61866,2024-11-27T04:30:42Z,6.511,0.3838
61866,2024-11-27T04:40:42Z,6.678,0.426
61866,2024-11-27T04:50:42Z,6.845,0.4052
61866,2024-11-27T05:00:42Z,7.011,0.4208
61866,2024-11-27T05:10:42Z,7.178,0.4668
61866,2024-11-27T05:20:42Z,7.345,0.4453
61866,2024-11-27T05:30:42Z,7.511,0.3157
61866,2024-11-27T05:40:42Z,7.678,0.1814
61866,2024-11-27T05:50:42Z,7.845,0.1911
61866,2024-11-27T06:00:42Z,8.011,0.2035
61866,2024-11-27T06:10:42Z,8.178,0.3906
61866,2024-11-27T06:20:42Z,8.345,0.6353
61866,2024-11-27T06:30:42Z,8.511,0.714
61866,2024-11-27T06:40:42Z,8.678,0.5731
61866,2024-11-27T06:50:42Z,8.845,0.3257
61866,2024-11-27T07:00:42Z,9.011,0.2003
61866,2024-11-27T07:10:42Z,9.178,0.2184
61866,2024-11-27T07:20:42Z,9.345,0.2452
61866,2024-11-27T07:30:42Z,9.511,0.2459
61866,2024-11-27T07:40:42Z,9.678,0.2082
61866,2024-11-27T07:50:42Z,9.845,0.262
61866,2024-11-27T08:00:42Z,10.011,0.4677
61866,2024-11-27T08:10:42Z,10.178,0.5569
61866,2024-11-27T08:20:42Z,10.345,0.4022
61866,2024-11-27T08:30:42Z,10.511,0.4225
61866,2024-11-27T08:40:42Z,10.678,0.6235
61866,2024-11-27T08:50:42Z,10.845,0.6486
61866,2024-11-27T09:00:42Z,11.011,0.4792
61866,2024-11-27T09:10:42Z,11.178,0.3224
61866,2024-11-27T09:20:42Z,11.345,0.2633
61866,2024-11-27T09:30:42Z,11.511,0.1266
61866,2024-11-27T09:40:42Z,11.678,0.0721
61866,2024-11-27T09:50:42Z,11.845,0.2404
61866,2024-11-27T22:00:42Z,0.011,0.1778
61866,2024-11-27T22:10:42Z,0.178,0.3324
61866,2024-11-27T22:20:42Z,0.345,0.4758
61866,2024-11-27T22:30:42Z,0.511,0.6574
61866,2024-11-27T22:40:42Z,0.678,0.8262
61866,2024-11-27T22:50:42Z,0.845,0.9001
61866,2024-11-27T23:00:42Z,1.011,0.7485
61866,2024-11-27T23:10:42Z,1.178,0.4792
61866,2024-11-27T23:20:42Z,1.345,0.5905
61866,2024-11-27T23:30:42Z,1.511,0.7453
61866,2024-11-27T23:40:42Z,1.678,0.6532
61866,2024-11-27T23:50:42Z,1.845,0.3941
61866,2024-11-28T00:00:42Z,2.011,0.3756
61866,2024-11-28T00:10:42Z,2.178,0.3442
61866,2024-11-28T00:20:42Z,2.345,0.252
61866,2024-11-28T00:30:42Z,2.511,0.2578
61866,2024-11-28T00:40:42Z,2.678,0.4498
61866,2024-11-28T00:50:42Z,2.845,0.6641
61866,2024-11-28T01:00:42Z,3.011,0.8062
61866,2024-11-28T01:10:42Z,3.178,0.7976
61866,2024-11-28T01:20:42Z,3.345,0.5692
61866,2024-11-28T01:30:42Z,3.511,0.2428
61866,2024-11-28T01:40:42Z,3.678,0.1601
61866,2024-11-28T01:50:42Z,3.845,0.2535
61866,2024-11-28T02:00:42Z,4.011,0.3974
61866,2024-11-28T02:10:42Z,4.178,0.5508
61866,2024-11-28T02:20:42Z,4.345,0.6067
61866,2024-11-28T02:30:42Z,4.511,0.5303
61866,2024-11-28T02:40:42Z,4.678,0.4521
61866,2024-11-28T02:50:42Z,4.845,0.4353
61866,2024-11-28T03:00:42Z,5.011,0.3571
61866,2024-11-28T03:10:42Z,5.178,0.3048
61866,2024-11-28T03:20:42Z,5.345,0.2388
61866,2024-11-28T03:30:42Z,5.511,0.261
61866,2024-11-28T03:40:42Z,5.678,0.3391
61866,2024-11-28T03:50:42Z,5.845,0.2979
61866,2024-11-28T04:00:42Z,6.011,0.1705
61866,2024-11-28T04:10:42Z,6.178,0.234
61866,2024-11-28T04:20:42Z,6.345,0.3748
61866,2024-11-28T04:30:42Z,6.511,0.399
61866,2024-11-28T04:40:42Z,6.678,0.2615
61866,2024-11-28T04:50:42Z,6.845,0.1521
61866,2024-11-28T05:00:42Z,7.011,0.1623
61866,2024-11-28T05:10:42Z,7.178,0.2109
61866,2024-11-28T05:20:42Z,7.345,0.383
61866,2024-11-28T05:30:42Z,7.511,0.5305
61866,2024-11-28T05:40:42Z,7.678,0.5084
61866,2024-11-28T05:50:42Z,7.845,0.3784
61866,2024-11-28T06:00:42Z,8.011,0.2434
61866,2024-11-28T06:10:42Z,8.178,0.1731
61866,2024-11-28T06:20:42Z,8.345,0.1185
61866,2024-11-28T06:30:42Z,8.511,0.0999
61866,2024-11-28T06:40:42Z,8.678,0.0897
61866,2024-11-28T06:50:42Z,8.845,0.1519
61866,2024-11-28T07:00:42Z,9.011,0.3166
61866,2024-11-28T07:10:42Z,9.178,0.5021
61866,2024-11-28T07:20:42Z,9.345,0.5292
61866,2024-11-28T07:30:42Z,9.511,0.3391
61866,2024-11-28T07:40:42Z,9.678,0.2957
61866,2024-11-28T07:50:42Z,9.845,0.4274
61866,2024-11-28T08:00:42Z,10.011,0.4286
61866,2024-11-28T08:10:42Z,10.178,0.2973
61866,2024-11-28T08:20:42Z,10.345,0.2418
61866,2024-11-28T08:30:42Z,10.511,0.1761
61866,2024-11-28T08:40:42Z,10.678,0.0375
61866,2024-11-28T08:50:42Z,10.845,0.1111
61866,2024-11-28T09:00:42Z,11.011,0.2145
61866,2024-11-28T09:10:42Z,11.178,0.2647
61866,2024-11-28T09:20:42Z,11.345,0.3367
61866,2024-11-28T09:30:42Z,11.511,0.3703
61866,2024-11-28T09:40:42Z,11.678,0.284
61866,2024-11-28T09:50:42Z,11.845,0.2693
61866,2024-11-28T22:00:42Z,0.011,2.7954
61866,2024-11-28T22:10:42Z,0.178,2.2119
61866,2024-11-28T22:20:42Z,0.345,1.475
61866,2024-11-28T22:30:42Z,0.511,0.8781
61866,2024-11-28T22:40:42Z,0.678,0.6632
61866,2024-11-28T22:50:42Z,0.845,0.847
61866,2024-11-28T23:00:42Z,1.011,1.1356
61866,2024-11-28T23:10:42Z,1.178,1.1857
61866,2024-11-28T23:20:42Z,1.345,0.9126
61866,2024-11-28T23:30:42Z,1.511,0.5678
61866,2024-11-28T23:40:42Z,1.678,0.5803
61866,2024-11-28T23:50:42Z,1.845,0.8781
61866,2024-11-29T00:00:42Z,2.011,1.0899
61866,2024-11-29T00:10:42Z,2.178,1.1671
61866,2024-11-29T00:20:42Z,2.345,1.0852
61866,2024-11-29T00:30:42Z,2.511,0.8277
61866,2024-11-29T00:40:42Z,2.678,0.5351
61866,2024-11-29T00:50:42Z,2.845,0.5579
61866,2024-11-29T01:00:42Z,3.011,0.996
61866,2024-11-29T01:10:42Z,3.178,1.5726
61866,2024-11-29T01:20:42Z,3.345,1.9979
61866,2024-11-29T01:30:42Z,3.511,2.1008
61866,2024-11-29T01:40:42Z,3.678,1.8437
61866,2024-11-29T01:50:42Z,3.845,1.4464
61866,2024-11-29T02:00:42Z,4.011,1.1636
61866,2024-11-29T02:10:42Z,4.178,1.0279
61866,2024-11-29T02:20:42Z,4.345,1.0628
61866,2024-11-29T02:30:42Z,4.511,1.2046
61866,2024-11-29T02:40:42Z,4.678,1.2942
61866,2024-11-29T02:50:42Z,4.845,1.3334
61866,2024-11-29T03:00:42Z,5.011,1.2946
61866,2024-11-29T03:10:42Z,5.178,1.0687
61866,2024-11-29T03:20:42Z,5.345,0.7626
61866,2024-11-29T03:30:42Z,5.511,0.5495
61866,2024-11-29T03:40:42Z,5.678,0.4011
61866,2024-11-29T03:50:42Z,5.845,0.4461
61866,2024-11-29T04:00:42Z,6.011,0.7083
61866,2024-11-29T04:10:42Z,6.178,0.882
61866,2024-11-29T04:20:42Z,6.345,0.8297
61866,2024-11-29T04:30:42Z,6.511,0.5804
61866,2024-11-29T04:40:42Z,6.678,0.4141
61866,2024-11-29T04:50:42Z,6.845,0.5525
61866,2024-11-29T05:00:42Z,7.011,0.7063
61866,2024-11-29T05:10:42Z,7.178,0.7402
61866,2024-11-29T05:20:42Z,7.345,0.6894
61866,2024-11-29T05:30:42Z,7.511,0.5649
61866,2024-11-29T05:40:42Z,7.678,0.3826
61866,2024-11-29T05:50:42Z,7.845,0.3126
61866,2024-11-29T06:00:42Z,8.011,0.5082
61866,2024-11-29T06:10:42Z,8.178,0.8775
61866,2024-11-29T06:20:42Z,8.345,1.2706
61866,2024-11-29T06:30:42Z,8.511,1.4375
61866,2024-11-29T06:40:42Z,8.678,1.2914
61866,2024-11-29T06:50:42Z,8.845,1.0646
61866,2024-11-29T07:00:42Z,9.011,1.0168
61866,2024-11-29T07:10:42Z,9.178,1.2743
61866,2024-11-29T07:20:42Z,9.345,1.7701
61866,2024-11-29T07:30:42Z,9.511,2.3104
61866,2024-11-29T07:40:42Z,9.678,2.6925
61866,2024-11-29T07:50:42Z,9.845,2.816
61866,2024-11-29T08:00:42Z,10.011,2.5653
61866,2024-11-29T08:10:42Z,10.178,1.975
61866,2024-11-29T08:20:42Z,10.345,1.2635
61866,2024-11-29T08:30:42Z,10.511,0.6565
61866,2024-11-29T08:40:42Z,10.678,0.2642
61866,2024-11-29T08:50:42Z,10.845,0.1381
61866,2024-11-29T09:00:42Z,11.011,0.2679
61866,2024-11-29T09:10:42Z,11.178,0.4336
61866,2024-11-29T09:20:42Z,11.345,0.8705
61866,2024-11-29T09:30:42Z,11.511,1.6994
61866,2024-11-29T09:40:42Z,11.678,2.8465
61866,2024-11-29T09:50:42Z,11.845,4.077
61866,2024-11-29T22:00:42Z,0.011,1.7175
61866,2024-11-29T22:10:42Z,0.178,2.0169
61866,2024-11-29T22:20:42Z,0.345,2.4413
61866,2024-11-29T22:30:42Z,0.511,2.8019
61866,2024-11-29T22:40:42Z,0.678,2.9577
61866,2024-11-29T22:50:42Z,0.845,2.8417
61866,2024-11-29T23:00:42Z,1.011,2.4954
61866,2024-11-29T23:10:42Z,1.178,2.0713
61866,2024-11-29T23:20:42Z,1.345,1.767
61866,2024-11-29T23:30:42Z,1.511,1.7427
61866,2024-11-29T23:40:42Z,1.678,2.0189
61866,2024-11-29T23:50:42Z,1.845,2.4334
61866,2024-11-30T00:00:42Z,2.011,2.7529
61866,2024-11-30T00:10:42Z,2.178,2.8678
61866,2024-11-30T00:20:42Z,2.345,2.7502
61866,2024-11-30T00:30:42Z,2.511,2.4567
61866,2024-11-30T00:40:42Z,2.678,2.0972
61866,2024-11-30T00:50:42Z,2.845,1.8415
61866,2024-11-30T01:00:42Z,3.011,1.8004
61866,2024-11-30T01:10:42Z,3.178,1.9756
61866,2024-11-30T01:20:42Z,3.345,2.2574
61866,2024-11-30T01:30:42Z,3.511,2.5239
61866,2024-11-30T01:40:42Z,3.678,2.6901
61866,2024-11-30T01:50:42Z,3.845,2.7621
61866,2024-11-30T02:00:42Z,4.011,2.7395
61866,2024-11-30T02:10:42Z,4.178,2.6191
61866,2024-11-30T02:20:42Z,4.345,2.4353
61866,2024-11-30T02:30:42Z,4.511,2.2724
61866,2024-11-30T02:40:42Z,4.678,2.1437
61866,2024-11-30T02:50:42Z,4.845,2.0682
61866,2024-11-30T03:00:42Z,5.011,2.0285
61866,2024-11-30T03:10:42Z,5.178,2.0061
61866,2024-11-30T03:20:42Z,5.345,1.2116
61866,2024-11-30T03:30:42Z,5.511,0.6355
61866,2024-11-30T03:40:42Z,5.678,0.2375
61866,2024-11-30T03:50:42Z,5.845,0.1972
61866,2024-11-30T04:00:42Z,6.011,0.5532
61866,2024-11-30T04:10:42Z,6.178,1.2117
61866,2024-11-30T04:20:42Z,6.345,1.8977
61866,2024-11-30T04:30:42Z,6.511,2.3247
61866,2024-11-30T04:40:42Z,6.678,2.3216
61866,2024-11-30T04:50:42Z,6.845,1.9024
61866,2024-11-30T05:00:42Z,7.011,1.26
61866,2024-11-30T05:10:42Z,7.178,0.6388
61866,2024-11-30T05:20:42Z,7.345,0.3219
61866,2024-11-30T05:30:42Z,7.511,0.6975
61866,2024-11-30T05:40:42Z,7.678,1.3802
61866,2024-11-30T05:50:42Z,7.845,2.1079
61866,2024-11-30T06:00:42Z,8.011,2.618
61866,2024-11-30T06:10:42Z,8.178,2.7177
61866,2024-11-30T06:20:42Z,8.345,2.3691
61866,2024-11-30T06:30:42Z,8.511,1.7309
61866,2024-11-30T06:40:42Z,8.678,1.0477
61866,2024-11-30T06:50:42Z,8.845,0.5984
61866,2024-11-30T07:00:42Z,9.011,0.7438
61866,2024-11-30T07:10:42Z,9.178,1.3496
61866,2024-11-30T07:20:42Z,9.345,2.0768
61866,2024-11-30T07:30:42Z,9.511,2.6496
61866,2024-11-30T07:40:42Z,9.678,2.849
61866,2024-11-30T07:50:42Z,9.845,2.5891
61866,2024-11-30T08:00:42Z,10.011,1.9836
61866,2024-11-30T08:10:42Z,10.178,1.2658
61866,2024-11-30T08:20:42Z,10.345,0.699
61866,2024-11-30T08:30:42Z,10.511,0.6237
61866,2024-11-30T08:40:42Z,10.678,1.1165
61866,2024-11-30T08:50:42Z,10.845,1.811
61866,2024-11-30T09:00:42Z,11.011,2.4239
61866,2024-11-30T09:10:42Z,11.178,2.7137
61866,2024-11-30T09:20:42Z,11.345,2.5529
61866,2024-11-30T09:30:42Z,11.511,2.0039
61866,2024-11-30T09:40:42Z,11.678,1.2824
61866,2024-11-30T09:50:42Z,11.845,0.6357
